,PLAYER_ID,PLAYER_NAME,NICKNAME,TEAM_ID,TEAM_ABBREVIATION,AGE,GP,W,L,W_PCT,MIN,E_OFF_RATING,OFF_RATING,sp_work_OFF_RATING,E_DEF_RATING,DEF_RATING,sp_work_DEF_RATING,E_NET_RATING,NET_RATING,sp_work_NET_RATING,AST_PCT,AST_TO,AST_RATIO,OREB_PCT,DREB_PCT,REB_PCT,TM_TOV_PCT,E_TOV_PCT,EFG_PCT,TS_PCT,USG_PCT,E_USG_PCT,E_PACE,PACE,PACE_PER40,sp_work_PACE,PIE,POSS,FGM,FGA,FGM_PG,FGA_PG,FG_PCT,GP_RANK,W_RANK,L_RANK,W_PCT_RANK,MIN_RANK,E_OFF_RATING_RANK,OFF_RATING_RANK,sp_work_OFF_RATING_RANK,E_DEF_RATING_RANK,DEF_RATING_RANK,sp_work_DEF_RATING_RANK,E_NET_RATING_RANK,NET_RATING_RANK,sp_work_NET_RATING_RANK,AST_PCT_RANK,AST_TO_RANK,AST_RATIO_RANK,OREB_PCT_RANK,DREB_PCT_RANK,REB_PCT_RANK,TM_TOV_PCT_RANK,E_TOV_PCT_RANK,EFG_PCT_RANK,TS_PCT_RANK,USG_PCT_RANK,E_USG_PCT_RANK,E_PACE_RANK,PACE_RANK,sp_work_PACE_RANK,PIE_RANK,FGM_RANK,FGA_RANK,FGM_PG_RANK,FGA_PG_RANK,FG_PCT_RANK,SEASON_ID
0,203932,Aaron Gordon,Aaron,1610612743,DEN,27.0,68,45,23,0.662,30.2,121.7,123.0,123.0,110.0,110.9,110.9,11.6,12.1,12.1,0.129,2.07,16.9,0.086,0.136,0.112,8.2,8.2,0.603,0.617,0.206,0.208,101.11,100.16,83.47,100.16,0.112,4288,429,761,6.3,11.2,0.564,5,5,14,7,4,2,2,2,4,4,4,2,2,2,7,8,9,4,8,5,3,3,4,5,5,6,4,6,6,3,3,4,4,4,3,2022-23
2,1628971,Bruce Brown,Bruce,1610612743,DEN,26.0,80,53,27,0.663,28.5,112.9,113.8,113.8,111.8,113.0,113.0,1.1,0.8,0.8,0.164,2.18,22.4,0.029,0.116,0.074,10.3,10.3,0.545,0.571,0.174,0.179,100.11,99.19,82.66,99.19,0.09,4708,358,741,4.5,9.3,0.483,1,1,17,6,6,6,6,6,11,12,12,6,6,6,6,5,5,12,11,11,12,12,9,10,10,10,6,11,11,7,5,5,5,6,10,2022-23
3,1631128,Christian Braun,Christian,1610612743,DEN,22.0,76,49,27,0.645,15.5,107.6,107.0,107.0,110.7,111.3,111.3,-3.2,-4.3,-4.3,0.07,1.69,14.4,0.042,0.112,0.078,8.5,8.5,0.554,0.568,0.127,0.132,99.87,99.87,83.22,99.87,0.067,2454,143,289,1.9,3.8,0.495,2,3,17,11,10,9,11,11,5,7,7,7,8,8,15,11,13,8,12,10,4,4,8,11,18,18,9,8,8,16,9,9,12,10,5,2022-23
5,201599,DeAndre Jordan,DeAndre,1610612743,DEN,34.0,39,23,16,0.59,15.0,107.5,107.0,107.0,115.4,115.4,115.4,-7.9,-8.4,-8.4,0.084,0.71,15.6,0.094,0.252,0.176,22.0,22.0,0.77,0.731,0.134,0.139,99.88,100.16,83.47,100.16,0.107,1215,88,115,2.3,2.9,0.765,13,13,7,14,11,10,12,12,17,17,17,13,13,13,14,16,10,1,2,2,18,18,1,1,16,17,8,7,7,4,12,14,10,15,1,2022-23
6,202397,Ish Smith,Ish,1610612743,DEN,34.0,43,25,18,0.581,9.3,104.0,102.3,102.3,108.5,107.5,107.5,-4.5,-5.3,-5.3,0.352,2.27,36.1,0.014,0.116,0.068,15.9,15.9,0.405,0.407,0.187,0.196,99.91,101.21,84.34,101.21,0.072,843,52,131,1.2,3.0,0.397,11,12,8,16,15,13,13,13,3,3,3,9,9,9,2,4,1,16,10,13,17,17,18,18,7,7,7,2,2,12,13,12,16,14,16,2022-23
7,1631298,Jack White,Jack,1610612743,DEN,25.0,17,13,4,0.765,3.9,96.3,90.4,90.4,107.8,104.5,104.5,-11.5,-14.1,-14.1,0.093,2.0,15.4,0.086,0.177,0.129,7.7,7.6,0.5,0.517,0.133,0.15,92.88,97.41,81.17,97.41,0.087,135,8,19,0.5,1.1,0.421,17,15,1,1,18,18,18,18,2,1,1,16,16,16,10,9,11,5,4,4,2,2,15,15,17,14,18,18,18,9,18,18,18,18,14,2022-23
8,1627750,Jamal Murray,Jamal,1610612743,DEN,26.0,65,43,22,0.662,32.8,118.3,118.9,118.9,111.6,112.5,112.5,6.7,6.4,6.4,0.265,2.76,23.9,0.024,0.099,0.062,8.7,8.6,0.537,0.571,0.256,0.262,99.82,99.13,82.61,99.13,0.121,4413,473,1041,7.3,16.0,0.454,6,6,12,8,2,5,5,5,10,11,11,5,5,5,3,1,4,14,14,15,5,5,11,9,3,3,10,12,12,2,2,1,2,1,13,2022-23
9,201145,Jeff Green,Jeff,1610612743,DEN,36.0,56,33,23,0.589,19.5,106.6,107.1,107.1,114.5,115.0,115.0,-7.9,-8.0,-8.0,0.095,1.5,13.9,0.035,0.096,0.066,9.3,9.3,0.534,0.576,0.167,0.171,99.78,99.38,82.81,99.38,0.071,2253,160,328,2.9,5.9,0.488,9,10,14,15,9,12,10,10,14,16,16,12,12,12,9,12,14,10,16,14,8,8,12,8,11,11,11,10,10,14,8,8,9,9,7,2022-23
10,203484,Kentavious Caldwell-Pope,Kentavious,1610612743,DEN,30.0,76,51,25,0.671,31.3,120.1,121.4,121.4,110.8,111.5,111.5,9.4,9.8,9.8,0.092,2.13,19.3,0.016,0.074,0.046,9.1,9.0,0.569,0.598,0.136,0.139,101.48,100.61,83.84,100.61,0.066,4992,292,632,3.8,8.3,0.462,2,2,16,3,3,4,4,4,6,8,8,4,4,4,11,7,7,15,18,17,6,6,7,7,14,15,1,3,3,17,6,6,7,7,12,2022-23
11,1629008,Michael Porter Jr.,Michael,1610612743,DEN,25.0,62,41,21,0.661,29.0,121.1,122.6,122.6,111.4,112.2,112.2,9.8,10.4,10.4,0.048,0.96,6.5,0.038,0.151,0.097,6.8,6.8,0.602,0.621,0.22,0.224,101.44,100.42,83.69,100.42,0.103,3773,398,817,6.4,13.2,0.487,7,7,10,9,5,3,3,3,8,10,10,3,3,3,16,14,17,9,5,6,1,1,5,3,4,4,2,4,4,5,4,3,3,3,8,2022-23
12,203999,Nikola Jokic,Nikola,1610612743,DEN,28.0,69,48,21,0.696,33.7,122.7,124.2,124.2,110.8,111.6,111.6,11.9,12.5,12.5,0.412,2.74,32.1,0.08,0.283,0.186,11.7,11.6,0.66,0.701,0.263,0.268,101.4,100.42,83.68,100.42,0.211,4873,646,1022,9.4,14.8,0.632,4,4,10,2,1,1,1,1,7,9,9,1,1,1,1,2,2,6,1,1,15,15,2,2,2,2,3,5,5,1,1,2,1,2,2,2022-23
13,1631212,Peyton Watson,Peyton,1610612743,DEN,20.0,23,13,10,0.565,8.1,103.0,101.6,101.6,115.1,113.5,113.5,-12.0,-12.0,-12.0,0.087,1.38,12.6,0.043,0.139,0.093,9.2,9.2,0.542,0.553,0.174,0.179,97.55,98.91,82.42,98.91,0.087,383,29,59,1.3,2.6,0.492,15,15,4,17,17,14,14,14,16,14,14,17,15,15,13,13,15,7,7,7,7,7,10,12,9,9,16,13,13,8,16,17,15,16,6,2022-23
14,202704,Reggie Jackson,Reggie,1610612743,DEN,33.0,16,8,8,0.5,19.9,107.3,107.6,107.6,114.7,114.7,114.7,-7.3,-7.1,-7.1,0.237,2.63,24.6,0.009,0.078,0.042,9.4,9.4,0.457,0.476,0.203,0.209,98.1,97.99,81.65,97.99,0.068,649,49,128,3.1,8.0,0.383,18,18,3,18,7,11,9,9,15,15,15,11,11,11,5,3,3,18,17,18,9,9,16,16,6,5,15,17,17,15,14,13,8,8,17,2022-23
15,1628418,Thomas Bryant,Thomas,1610612743,DEN,25.0,18,12,6,0.667,11.4,100.0,96.0,96.0,111.5,111.0,111.0,-11.4,-15.0,-15.0,0.016,0.2,2.3,0.087,0.19,0.138,11.5,11.4,0.515,0.547,0.178,0.191,96.54,98.76,82.3,98.76,0.083,425,33,68,1.8,3.8,0.485,16,17,2,4,14,16,17,17,9,5,5,15,18,18,18,18,18,2,3,3,14,13,13,13,8,8,17,14,14,10,15,16,13,12,9,2022-23
16,1628427,Vlatko Cancar,Vlatko,1610612743,DEN,26.0,60,38,22,0.633,14.8,109.1,109.1,109.1,113.0,113.1,113.1,-3.9,-3.9,-3.9,0.125,2.16,22.2,0.027,0.119,0.073,10.2,10.2,0.57,0.606,0.134,0.139,99.6,99.56,82.97,99.56,0.076,1847,108,227,1.8,3.8,0.476,8,8,12,13,12,8,8,8,13,13,13,8,7,7,8,6,6,13,9,12,11,11,6,6,15,16,12,9,9,11,11,10,14,11,11,2022-23
17,1630192,Zeke Nnaji,Zeke,1610612743,DEN,22.0,53,34,19,0.642,13.7,101.9,101.5,101.5,107.6,107.4,107.4,-5.7,-5.9,-5.9,0.04,0.58,6.6,0.087,0.099,0.093,11.4,11.4,0.605,0.62,0.149,0.155,98.14,98.4,82.0,98.4,0.072,1488,110,196,2.1,3.7,0.561,10,9,9,12,13,15,15,15,1,2,2,10,10,10,17,17,16,3,13,8,13,14,3,4,12,12,14,16,16,13,10,11,11,13,4,2022-23
0,203932,Aaron Gordon,Aaron,1610612743,DEN,26.0,75,46,29,0.613,31.7,115.4,117.3,117.3,110.5,111.1,111.1,4.9,6.2,6.2,0.109,1.41,15.0,0.057,0.129,0.095,10.6,10.6,0.573,0.602,0.194,0.197,100.1,99.0,82.5,99.0,0.096,4908,434,834,5.8,11.1,0.52,1,1,18,4,3,3,3,3,11,16,16,4,3,3,13,13,12,6,12,8,15,16,8,7,8,11,10,19,19,6,2,3,2,4,5,2021-22
1,203085,Austin Rivers,Austin,1610612743,DEN,29.0,67,41,26,0.612,22.1,113.5,113.0,113.0,111.1,111.1,111.1,2.4,1.9,1.9,0.082,1.67,17.6,0.014,0.063,0.039,10.5,10.5,0.53,0.546,0.123,0.127,98.66,98.91,82.43,98.91,0.043,3047,146,350,2.2,5.2,0.417,7,5,14,5,7,6,9,9,15,14,14,8,9,9,17,10,11,17,20,19,14,15,12,16,20,20,21,20,20,20,8,7,12,11,15,2021-22
3,1630538,Bones Hyland,Bones,1610612743,DEN,21.0,69,41,28,0.594,19.0,113.1,113.4,113.4,112.5,111.7,111.7,0.7,1.7,1.7,0.22,2.22,21.2,0.011,0.133,0.072,9.6,9.5,0.518,0.558,0.231,0.238,99.64,99.84,83.2,99.84,0.096,2722,230,571,3.3,8.3,0.403,6,5,16,7,8,8,7,7,18,18,18,11,11,11,4,6,8,19,10,14,12,12,15,14,4,4,14,11,11,5,6,5,7,6,16,2021-22
4,1627854,Bryn Forbes,Bryn,1610612743,DEN,28.0,35,23,12,0.657,17.4,113.3,113.9,113.9,110.3,110.0,110.0,2.9,4.0,4.0,0.081,1.48,10.8,0.01,0.039,0.025,7.3,7.3,0.545,0.578,0.19,0.197,101.77,101.65,84.71,101.65,0.06,1298,103,243,2.9,6.9,0.424,12,12,10,2,11,7,6,6,10,8,8,6,7,7,18,11,19,20,21,21,6,6,10,10,10,9,5,7,7,18,10,10,9,8,14,2021-22
5,1630637,Carlik Jones,Carlik,1610612743,DEN,24.0,2,1,1,0.5,2.0,187.8,145.5,145.5,202.4,200.0,200.0,-14.6,-54.5,-54.5,0.0,0.0,0.0,0.0,0.0,0.0,0.0,0.0,0.5,0.5,0.182,0.235,109.49,124.96,104.13,124.96,0.029,11,1,2,0.5,1.0,0.5,22,20,1,16,22,1,1,1,22,22,22,21,22,22,22,21,22,22,22,22,1,1,17,18,11,5,1,1,1,22,21,21,20,21,8,2021-22
6,1628432,Davon Reed,Davon,1610612743,DEN,27.0,48,29,19,0.604,13.9,110.1,109.8,109.8,110.0,109.5,109.5,0.1,0.3,0.3,0.115,3.31,22.6,0.021,0.14,0.081,6.8,6.8,0.618,0.624,0.117,0.122,99.9,100.3,83.58,100.3,0.083,1382,81,161,1.7,3.4,0.503,10,10,13,6,14,12,12,12,8,6,6,12,14,14,12,2,7,14,9,12,5,5,4,6,21,21,13,9,9,11,13,13,14,15,7,2021-22
7,202326,DeMarcus Cousins,DeMarcus,1610612743,DEN,31.0,31,22,9,0.71,13.9,112.3,111.6,111.6,114.9,113.1,113.1,-2.7,-1.6,-1.6,0.209,0.77,14.4,0.116,0.29,0.202,18.8,18.8,0.515,0.565,0.304,0.314,99.13,100.23,83.53,100.23,0.117,900,94,206,3.0,6.6,0.456,13,13,6,1,15,9,11,11,19,20,20,15,15,15,5,18,13,2,2,2,22,22,16,13,2,2,18,10,10,2,12,11,8,9,12,2021-22
8,1630267,Facundo Campazzo,Facundo,1610612743,DEN,31.0,65,38,27,0.585,18.2,102.2,102.1,102.1,110.8,110.7,110.7,-8.7,-8.6,-8.6,0.276,3.28,35.7,0.019,0.08,0.048,10.9,10.9,0.459,0.503,0.143,0.148,99.32,99.38,82.82,99.38,0.073,2451,107,296,1.6,4.6,0.361,9,8,15,11,10,20,20,20,14,13,13,19,19,19,3,3,2,16,18,18,17,17,18,17,18,18,16,14,14,15,9,9,15,13,19,2021-22
9,203210,JaMychal Green,JaMychal,1610612743,DEN,32.0,67,36,31,0.537,16.2,106.9,106.8,106.8,110.6,110.3,110.3,-3.7,-3.5,-3.5,0.084,1.04,12.1,0.073,0.187,0.129,11.7,11.8,0.537,0.587,0.168,0.172,99.16,99.32,82.77,99.32,0.093,2241,159,327,2.4,4.9,0.486,7,9,20,15,13,16,15,15,12,9,9,16,17,17,16,16,18,5,5,4,18,18,11,8,13,14,17,16,16,8,7,8,10,12,10,2021-22
10,203516,James Ennis III,James,1610612743,DEN,31.0,3,1,2,0.333,4.6,76.8,81.5,81.5,110.8,111.1,111.1,-34.0,-29.6,-29.6,0.6,3.0,30.0,0.045,0.083,0.059,10.0,9.6,0.333,0.311,0.206,0.228,96.44,93.46,77.88,93.46,0.032,27,2,6,0.7,2.0,0.333,20,20,2,20,20,22,22,22,13,15,15,22,21,21,1,4,3,9,17,16,13,13,22,22,6,7,22,22,22,21,20,20,19,18,21,2021-22
11,201145,Jeff Green,Jeff,1610612743,DEN,35.0,75,44,31,0.587,24.7,112.3,113.3,113.3,111.6,111.5,111.5,0.7,1.8,1.8,0.071,1.35,12.3,0.024,0.1,0.063,9.1,9.1,0.574,0.627,0.16,0.164,99.97,99.56,82.97,99.56,0.075,3831,277,529,3.7,7.1,0.524,1,3,20,8,6,10,8,8,17,17,17,10,10,10,19,14,17,13,15,15,10,10,7,5,14,15,11,12,12,13,5,6,6,7,4,2021-22
12,1630210,Markus Howard,Markus,1610612743,DEN,23.0,31,17,14,0.548,5.7,108.6,107.9,107.9,115.1,112.8,112.8,-6.5,-4.9,-4.9,0.068,1.0,5.7,0.01,0.064,0.033,5.7,5.6,0.525,0.567,0.264,0.284,101.2,102.53,85.44,102.53,0.087,380,39,101,1.3,3.3,0.386,13,14,11,14,19,14,13,13,20,19,19,18,18,18,20,17,21,21,19,20,3,3,14,11,3,3,6,6,6,9,14,15,17,16,17,2021-22
13,1629008,Michael Porter Jr.,Michael,1610612743,DEN,24.0,9,5,4,0.556,29.4,103.8,104.5,104.5,94.5,94.7,94.7,9.2,9.8,9.8,0.085,1.42,12.6,0.035,0.172,0.108,8.9,8.8,0.408,0.416,0.192,0.197,100.79,100.33,83.61,100.33,0.074,556,37,103,4.1,11.4,0.359,19,17,4,13,5,19,17,17,1,1,1,1,1,1,15,12,15,12,6,6,8,7,20,21,9,10,7,8,8,14,15,14,5,3,20,2021-22
14,1628420,Monte Morris,Monte,1610612743,DEN,27.0,75,44,31,0.587,29.9,114.6,116.3,116.3,109.9,110.4,110.4,4.7,6.0,6.0,0.201,4.27,27.3,0.013,0.087,0.052,6.4,6.4,0.564,0.583,0.173,0.175,99.54,98.55,82.13,98.55,0.098,4601,374,773,5.0,10.3,0.484,1,3,20,8,4,5,5,5,7,10,10,5,4,4,6,1,4,18,16,17,4,4,9,9,12,12,15,21,21,4,4,4,4,5,11,2021-22
15,203999,Nikola Jokic,Nikola,1610612743,DEN,27.0,74,46,28,0.622,33.5,115.2,117.3,117.3,108.1,108.9,108.9,7.1,8.4,8.4,0.388,2.08,24.8,0.09,0.313,0.209,11.9,11.8,0.62,0.661,0.309,0.316,100.69,99.46,82.88,99.46,0.23,5136,764,1311,10.3,17.7,0.583,4,1,16,3,1,4,4,4,5,5,5,2,2,2,2,8,5,3,1,1,19,19,3,2,1,1,8,13,13,1,1,1,1,1,1,2021-22
16,1628408,PJ Dozier,PJ,1610612743,DEN,25.0,18,9,9,0.5,18.9,97.5,96.6,96.6,109.8,109.5,109.5,-12.3,-12.9,-12.9,0.135,2.23,19.7,0.038,0.144,0.089,8.8,8.9,0.439,0.463,0.147,0.153,98.74,99.32,82.76,99.32,0.068,705,36,99,2.0,5.5,0.364,15,15,6,16,9,21,21,21,6,7,7,20,20,20,10,5,10,11,7,9,7,8,19,19,16,16,20,17,17,16,16,16,13,10,18,2021-22
17,1627822,Petr Cornelie,Petr,1610612743,DEN,26.0,13,3,10,0.231,2.9,109.9,102.3,102.3,103.2,96.5,96.5,6.7,5.8,5.8,0.115,0.75,12.5,0.159,0.219,0.184,16.7,16.8,0.367,0.418,0.208,0.228,102.03,109.36,91.14,109.36,0.046,88,5,15,0.4,1.2,0.333,18,19,9,22,21,13,18,18,2,2,2,3,5,5,11,19,16,1,3,3,21,21,21,20,5,6,4,3,3,19,19,19,21,20,21,2021-22
19,1628427,Vlatko Cancar,Vlatko,1610612743,DEN,25.0,15,7,8,0.467,11.8,105.6,104.9,104.9,107.0,104.1,104.1,-1.4,0.8,0.8,0.139,1.89,23.0,0.041,0.133,0.085,12.2,12.3,0.646,0.657,0.131,0.134,103.48,105.21,87.68,105.21,0.085,387,23,41,1.5,2.7,0.561,16,16,5,18,16,18,16,16,4,4,4,14,12,12,9,9,6,10,11,11,20,20,2,3,19,19,3,4,4,10,17,17,16,17,2,2021-22
20,203115,Will Barton,Will,1610612743,DEN,31.0,71,41,30,0.577,32.1,111.0,112.5,112.5,110.2,110.4,110.4,0.8,2.0,2.0,0.171,2.17,20.4,0.02,0.128,0.075,9.4,9.4,0.525,0.548,0.205,0.208,100.1,99.34,82.79,99.34,0.095,4713,392,896,5.5,12.6,0.438,5,5,19,12,2,11,10,10,9,12,12,9,8,8,7,7,9,15,13,13,11,11,13,15,7,8,9,15,15,7,3,2,3,2,13,2021-22
21,1630192,Zeke Nnaji,Zeke,1610612743,DEN,21.0,41,24,17,0.585,17.0,107.3,107.2,107.2,111.4,110.4,110.4,-4.0,-3.2,-3.2,0.037,0.74,6.6,0.077,0.141,0.107,9.0,9.0,0.616,0.629,0.146,0.15,98.76,99.25,82.71,99.25,0.078,1443,96,186,2.3,4.5,0.516,11,11,12,10,12,15,14,14,16,11,11,17,16,16,21,20,20,4,8,7,9,9,5,4,17,17,19,18,18,12,11,12,11,14,6,2021-22
0,203932,Aaron Gordon,Aaron,1610612743,DEN,25.0,25,19,6,0.76,25.9,118.1,119.6,119.6,111.9,111.8,111.8,6.2,7.8,7.8,0.111,1.87,18.1,0.063,0.123,0.094,9.7,9.6,0.541,0.564,0.167,0.17,99.91,99.31,82.76,99.31,0.083,1337,103,206,4.1,8.2,0.5,15,14,6,2,7,3,3,3,15,14,14,7,6,6,10,11,8,6,13,9,12,12,7,8,11,12,12,11,11,7,10,10,5,5,4,2020-21
1,203085,Austin Rivers,Austin,1610612743,DEN,28.0,15,10,5,0.667,26.9,114.0,115.2,115.2,108.7,109.8,109.8,5.3,5.4,5.4,0.127,2.79,22.9,0.007,0.083,0.044,8.2,8.2,0.541,0.558,0.137,0.141,100.24,99.25,82.71,99.25,0.063,837,46,110,3.1,7.3,0.418,19,19,3,9,6,9,9,9,7,9,9,12,11,11,7,3,4,18,18,19,8,8,8,10,15,15,10,13,13,15,13,12,9,8,15,2020-21
2,1629626,Bol Bol,Bol,1610612743,DEN,21.0,32,21,11,0.656,5.0,99.1,94.4,94.4,122.1,119.3,119.3,-23.0,-24.9,-24.9,0.067,0.54,8.4,0.0,0.154,0.074,15.7,15.4,0.509,0.534,0.191,0.206,106.88,110.79,92.32,110.79,0.057,374,25,58,0.8,1.8,0.431,13,13,8,12,20,20,20,20,21,21,21,21,21,21,17,19,17,20,8,13,20,20,13,15,6,6,2,2,2,17,18,19,20,19,13,2020-21
3,1630267,Facundo Campazzo,Facundo,1610612743,DEN,30.0,65,43,22,0.662,21.9,111.1,111.6,111.6,108.8,108.8,108.8,2.3,2.8,2.8,0.215,3.18,35.3,0.015,0.081,0.047,11.1,11.1,0.502,0.558,0.128,0.131,99.32,99.09,82.57,99.09,0.074,2940,120,315,1.8,4.8,0.381,2,2,21,10,9,11,12,12,8,7,7,15,15,15,2,2,1,15,19,18,16,16,15,9,18,18,13,14,14,12,9,9,13,13,18,2020-21
6,204222,Greg Whittington,Greg,1610612743,DEN,28.0,4,3,1,0.75,3.0,113.1,103.7,103.7,77.5,70.4,70.4,35.6,33.3,33.3,0.0,0.0,0.0,0.0,0.0,0.0,0.0,0.0,0.0,0.0,0.103,0.112,98.42,107.85,89.88,107.85,-0.071,27,0,3,0.0,0.8,0.0,21,21,2,3,21,10,16,16,1,1,1,1,1,1,21,21,21,20,22,22,1,1,21,21,21,20,18,4,4,22,21,21,21,21,21,2020-21
8,203210,JaMychal Green,JaMychal,1610612743,DEN,31.0,58,38,20,0.655,19.3,110.5,111.8,111.8,107.3,107.6,107.6,3.2,4.1,4.1,0.07,1.0,10.5,0.072,0.177,0.122,10.5,10.5,0.568,0.59,0.172,0.176,98.52,97.77,81.48,97.77,0.088,2283,173,374,3.0,6.4,0.463,4,4,19,14,12,13,11,11,6,6,6,14,14,14,15,14,16,4,4,4,15,15,4,5,10,10,17,18,18,6,7,7,10,11,10,2020-21
9,201580,JaVale McGee,JaVale,1610612743,DEN,33.0,13,8,5,0.615,13.5,107.3,108.2,108.2,101.7,103.6,103.6,5.6,4.6,4.6,0.054,0.4,6.4,0.124,0.234,0.181,16.0,16.1,0.478,0.498,0.203,0.21,101.22,99.9,83.25,99.9,0.082,366,32,67,2.5,5.2,0.478,20,20,3,19,14,14,13,13,3,4,4,9,13,13,18,20,20,2,2,1,21,22,17,17,5,5,8,10,10,8,17,17,12,12,7,2020-21
10,1627750,Jamal Murray,Jamal,1610612743,DEN,24.0,48,31,17,0.646,35.5,117.5,118.6,118.6,110.4,110.6,110.6,7.1,8.0,8.0,0.197,2.14,19.3,0.023,0.095,0.059,9.0,9.0,0.559,0.592,0.244,0.249,97.92,97.41,81.18,97.41,0.117,3468,378,792,7.9,16.5,0.477,8,8,15,17,1,5,5,5,11,11,11,5,4,4,3,7,6,14,17,16,11,11,5,4,3,3,22,21,21,3,3,3,2,2,8,2020-21
11,1630210,Markus Howard,Markus,1610612743,DEN,22.0,37,24,13,0.649,5.5,97.5,93.5,93.5,112.4,110.5,110.5,-14.9,-17.0,-17.0,0.145,1.0,12.4,0.004,0.095,0.048,12.4,12.3,0.462,0.477,0.25,0.267,104.84,107.97,89.97,107.97,0.046,465,40,106,1.1,2.9,0.377,12,12,11,16,19,22,21,21,18,10,10,19,19,19,5,14,14,19,16,17,18,18,18,19,2,2,3,3,3,19,15,13,17,15,19,2020-21
12,1629008,Michael Porter Jr.,Michael,1610612743,DEN,23.0,61,40,21,0.656,31.3,118.7,120.2,120.2,111.2,111.9,111.9,7.5,8.3,8.3,0.052,0.91,6.9,0.051,0.189,0.121,7.6,7.5,0.646,0.663,0.214,0.218,98.99,98.1,81.75,98.1,0.125,3924,443,817,7.3,13.4,0.542,3,3,20,13,3,1,2,2,13,15,15,4,3,3,19,17,19,7,3,5,7,7,1,1,4,4,16,17,17,2,2,2,3,3,2,2020-21
13,1628420,Monte Morris,Monte,1610612743,DEN,26.0,47,30,17,0.638,25.5,114.9,115.7,115.7,109.5,109.5,109.5,5.4,6.2,6.2,0.172,4.41,24.9,0.009,0.071,0.04,5.6,5.6,0.547,0.574,0.161,0.165,99.24,98.88,82.4,98.88,0.092,2464,186,387,4.0,8.2,0.481,9,9,15,18,8,7,8,8,9,8,8,11,9,9,4,1,3,17,20,21,4,4,6,6,13,13,14,15,15,5,6,6,6,6,6,2020-21
14,203999,Nikola Jokic,Nikola,1610612743,DEN,26.0,72,47,25,0.653,34.6,118.1,120.2,120.2,112.3,112.6,112.6,5.8,7.7,7.7,0.377,2.7,26.2,0.087,0.237,0.163,9.7,9.7,0.602,0.647,0.293,0.296,99.13,98.15,81.79,98.15,0.201,5084,732,1293,10.2,18.0,0.566,1,1,22,15,2,2,1,1,17,19,19,8,7,7,1,4,2,3,1,2,13,13,2,2,1,1,15,16,16,1,1,1,1,1,1,2020-21
15,1628408,PJ Dozier,PJ,1610612743,DEN,24.0,50,36,14,0.72,21.8,111.0,112.0,112.0,102.1,102.5,102.5,8.9,9.5,9.5,0.116,2.0,17.7,0.031,0.133,0.082,8.8,8.8,0.483,0.501,0.166,0.171,99.96,99.31,82.76,99.31,0.076,2242,148,355,3.0,7.1,0.417,7,7,13,4,10,12,10,10,4,3,3,2,2,2,8,8,9,11,11,11,10,10,16,16,12,11,11,12,12,11,8,8,11,10,16,2020-21
16,200794,Paul Millsap,Paul,1610612743,DEN,36.0,56,38,18,0.679,20.8,114.6,116.2,116.2,109.9,111.5,111.5,4.7,4.7,4.7,0.113,1.92,16.6,0.067,0.167,0.117,8.6,8.6,0.537,0.565,0.184,0.188,98.14,96.76,80.64,96.76,0.098,2339,191,401,3.4,7.2,0.476,5,4,17,8,11,8,7,7,10,13,13,13,12,12,9,9,10,5,5,6,9,9,9,7,8,8,20,22,22,4,5,5,8,9,9,2020-21
18,1627885,Shaquille Harrison,Shaquille,1610612743,DEN,27.0,17,12,5,0.706,16.3,105.0,104.1,104.1,106.1,106.6,106.6,-1.1,-2.5,-2.5,0.078,2.67,18.4,0.014,0.123,0.068,6.9,6.9,0.371,0.431,0.108,0.112,101.9,102.11,85.09,102.11,0.045,586,20,58,1.2,3.4,0.345,18,17,3,6,13,17,15,15,5,5,5,16,16,16,13,5,7,16,14,14,6,6,20,20,20,21,6,8,8,20,20,19,16,14,20,2020-21
19,1628427,Vlatko Cancar,Vlatko,1610612743,DEN,24.0,41,28,13,0.683,6.9,98.0,96.5,96.5,116.1,113.9,113.9,-18.1,-17.5,-17.5,0.073,1.0,13.3,0.035,0.136,0.083,13.3,13.2,0.521,0.547,0.132,0.138,103.87,105.68,88.07,105.68,0.069,621,33,72,0.8,1.8,0.458,11,11,11,7,18,21,19,19,20,20,20,20,20,20,14,14,13,9,10,10,19,19,10,11,17,17,4,5,5,14,16,16,19,20,11,2020-21
20,203115,Will Barton,Will,1610612743,DEN,30.0,56,37,19,0.661,31.0,117.5,118.4,118.4,112.0,112.4,112.4,5.5,6.0,6.0,0.135,1.89,19.4,0.024,0.109,0.067,10.3,10.2,0.507,0.538,0.187,0.192,98.09,97.52,81.27,97.52,0.076,3535,259,608,4.6,10.9,0.426,5,6,18,11,4,6,6,6,16,17,17,10,10,10,6,10,5,13,15,15,14,14,14,14,7,7,21,20,20,10,4,4,4,4,14,2020-21
21,1630192,Zeke Nnaji,Zeke,1610612743,DEN,20.0,42,30,12,0.714,9.5,105.1,102.0,102.0,113.2,112.5,112.5,-8.1,-10.5,-10.5,0.037,1.43,7.8,0.034,0.129,0.08,5.5,5.5,0.596,0.615,0.126,0.131,100.7,102.52,85.43,102.52,0.074,852,50,104,1.2,2.5,0.481,10,9,10,5,15,16,17,17,19,18,18,17,17,17,20,12,18,10,12,12,3,3,3,3,19,19,9,7,7,13,12,14,15,17,5,2020-21
0,1629626,Bol Bol,Bol,1610612743,DEN,20.0,7,2,5,0.286,12.4,110.8,113.6,113.6,123.1,123.3,123.3,-12.3,-9.8,-9.8,0.103,0.6,12.5,0.057,0.171,0.112,20.8,20.7,0.571,0.617,0.206,0.212,99.86,98.55,82.13,98.55,0.082,177,14,28,2.0,4.0,0.5,16,18,6,19,15,11,6,6,18,20,20,18,20,20,9,17,14,10,5,7,19,19,5,5,4,4,11,14,14,10,14,14,13,14,6,2019-20
1,203914,Gary Harris,Gary,1610612743,DEN,25.0,56,37,19,0.661,31.8,109.6,110.5,110.5,106.2,107.1,107.1,3.3,3.4,3.4,0.091,1.97,16.0,0.015,0.077,0.046,8.1,8.1,0.487,0.519,0.15,0.153,98.56,97.71,81.43,97.71,0.062,3623,218,519,3.9,9.3,0.42,8,8,12,1,4,13,11,11,4,5,5,6,6,6,12,6,9,18,19,19,6,6,16,16,15,15,14,19,19,15,6,6,6,4,15,2019-20
2,1627750,Jamal Murray,Jamal,1610612743,DEN,23.0,59,38,21,0.644,32.3,111.7,113.0,113.0,107.0,107.7,107.7,4.7,5.3,5.3,0.228,2.24,20.7,0.024,0.101,0.063,9.2,9.2,0.519,0.559,0.248,0.254,98.37,97.48,81.23,97.48,0.121,3882,408,894,6.9,15.2,0.456,5,4,16,5,2,7,9,9,6,7,7,4,4,4,2,5,6,16,15,17,10,10,11,12,2,2,15,20,20,3,2,2,2,1,13,2019-20
4,203924,Jerami Grant,Jerami,1610612743,DEN,26.0,71,45,26,0.634,26.6,109.4,110.3,110.3,111.0,112.3,112.3,-1.6,-2.1,-2.1,0.068,1.4,10.2,0.031,0.099,0.065,7.3,7.2,0.555,0.591,0.177,0.182,99.99,99.03,82.53,99.03,0.083,3901,303,634,4.3,8.9,0.478,3,3,19,7,5,15,12,12,11,12,12,9,13,13,16,9,17,15,16,16,4,4,7,9,10,10,10,12,12,9,4,4,4,5,9,2019-20
7,1628966,Keita Bates-Diop,Keita,1610612743,DEN,24.0,7,2,5,0.286,14.0,114.0,115.4,115.4,121.5,119.5,119.5,-7.4,-4.1,-4.1,0.0,0.0,0.0,0.039,0.138,0.087,8.6,8.5,0.518,0.571,0.152,0.156,97.99,98.18,81.82,98.18,0.07,201,13,28,1.9,4.0,0.464,16,18,6,19,13,3,4,4,17,17,17,17,14,14,20,19,20,13,10,13,7,7,12,11,14,14,19,16,16,13,15,14,14,14,10,2019-20
9,203486,Mason Plumlee,Mason,1610612743,DEN,30.0,61,38,23,0.623,17.3,107.2,107.6,107.6,108.8,108.6,108.6,-1.6,-1.0,-1.0,0.21,1.88,25.9,0.087,0.195,0.141,13.8,13.8,0.615,0.613,0.173,0.178,101.36,101.26,84.38,101.26,0.12,2215,177,288,2.9,4.7,0.615,4,4,18,10,10,18,18,18,9,8,8,10,12,12,5,8,4,3,3,2,17,17,3,6,11,11,6,6,6,4,9,10,9,11,3,2019-20
10,1629008,Michael Porter Jr.,Michael,1610612743,DEN,22.0,55,36,19,0.655,16.4,111.8,113.0,113.0,113.7,112.4,112.4,-1.9,0.7,0.7,0.074,0.94,9.0,0.07,0.214,0.141,9.6,9.6,0.59,0.617,0.211,0.216,101.24,101.26,84.38,101.26,0.123,1909,195,383,3.5,7.0,0.509,9,9,12,4,11,6,8,8,13,13,13,11,11,11,14,16,18,8,2,3,11,11,4,4,3,3,7,7,7,2,8,8,8,9,5,2019-20
11,1628420,Monte Morris,Monte,1610612743,DEN,25.0,73,46,27,0.63,22.4,109.7,110.2,110.2,109.0,109.3,109.3,0.7,0.8,0.8,0.219,4.81,28.1,0.014,0.067,0.04,5.8,5.8,0.517,0.545,0.168,0.174,100.38,100.03,83.36,100.03,0.099,3422,260,566,3.6,7.8,0.459,1,1,20,8,7,12,13,13,10,10,10,7,10,10,3,1,2,19,21,20,2,2,13,15,12,12,9,9,9,7,5,5,7,7,12,2019-20
12,203999,Nikola Jokic,Nikola,1610612743,DEN,25.0,73,46,27,0.63,32.0,111.6,113.4,113.4,107.8,108.9,108.9,3.8,4.5,4.5,0.35,2.27,26.4,0.073,0.237,0.155,11.6,11.6,0.565,0.605,0.266,0.269,98.15,96.9,80.75,96.9,0.179,4733,565,1071,7.7,14.7,0.528,1,1,20,8,3,8,7,7,8,9,9,5,5,5,1,4,3,7,1,1,15,15,6,7,1,1,18,21,21,1,1,1,1,2,4,2019-20
13,203943,Noah Vonleh,Noah,1610612743,DEN,24.0,7,3,4,0.429,4.3,114.2,117.5,117.5,133.2,127.0,127.0,-19.0,-9.5,-9.5,0.105,1.0,16.7,0.083,0.179,0.125,16.7,17.0,0.917,0.838,0.133,0.134,98.91,99.8,83.17,99.8,0.091,63,5,6,0.7,0.9,0.833,16,16,4,18,20,2,3,3,21,21,21,20,19,19,8,13,8,4,4,4,18,18,1,1,16,17,13,11,11,8,18,19,17,20,1,2019-20
14,1628408,PJ Dozier,PJ,1610612743,DEN,23.0,29,18,11,0.621,14.2,109.5,109.4,109.4,115.0,115.2,115.2,-5.4,-5.7,-5.7,0.216,2.33,24.2,0.024,0.108,0.066,10.4,10.4,0.468,0.495,0.199,0.206,102.21,102.17,85.14,102.17,0.071,869,65,157,2.2,5.4,0.414,13,13,9,11,12,14,15,15,14,15,15,15,17,17,4,3,5,17,14,15,12,12,18,19,5,5,4,4,4,12,12,12,11,10,16,2019-20
15,200794,Paul Millsap,Paul,1610612743,DEN,35.0,51,30,21,0.588,24.3,112.6,113.7,113.7,104.4,104.5,104.5,8.1,9.3,9.3,0.093,1.19,12.7,0.079,0.157,0.118,10.8,10.7,0.543,0.591,0.197,0.201,98.32,97.82,81.52,97.82,0.102,2522,211,438,4.1,8.6,0.482,10,10,16,12,6,4,5,5,2,2,2,2,2,2,11,12,13,5,7,5,13,13,9,8,6,6,16,18,18,6,7,7,5,6,8,2019-20
16,1628470,Torrey Craig,Torrey,1610612743,DEN,29.0,58,38,20,0.655,18.5,107.9,107.6,107.6,113.4,113.3,113.3,-5.4,-5.7,-5.7,0.061,1.88,13.3,0.058,0.118,0.088,7.1,7.0,0.545,0.553,0.123,0.128,98.19,98.36,81.96,98.36,0.056,2174,124,269,2.1,4.6,0.461,6,4,14,2,8,16,17,17,12,14,14,14,16,16,17,7,11,9,13,12,3,3,8,13,19,19,17,15,15,18,10,11,12,13,11,2019-20
17,203584,Troy Daniels,Troy,1610612743,DEN,28.0,6,3,3,0.5,12.7,104.4,109.9,109.9,106.4,107.5,107.5,-2.1,2.4,2.4,0.059,1.0,8.8,0.0,0.077,0.036,8.8,8.8,0.464,0.464,0.161,0.163,104.08,100.85,84.04,100.85,0.036,161,10,28,1.7,4.7,0.357,19,16,3,15,14,19,14,14,5,6,6,12,7,7,18,13,19,21,20,21,8,8,19,20,13,13,2,8,8,21,16,14,15,12,19,2019-20
18,1629076,Tyler Cook,Tyler,1610612743,DEN,22.0,2,0,2,0.0,9.6,110.9,117.9,117.9,124.6,122.5,122.5,-13.7,-4.6,-4.6,0.0,0.0,0.0,0.1,0.091,0.095,40.0,41.0,0.5,0.694,0.114,0.11,101.18,98.92,82.43,98.92,0.059,39,1,2,0.5,1.0,0.5,21,21,1,21,17,10,2,2,19,19,19,19,15,15,20,19,20,2,17,10,20,20,14,3,20,20,8,13,13,16,21,21,19,19,6,2019-20
19,1628427,Vlatko Cancar,Vlatko,1610612743,DEN,23.0,14,7,7,0.5,3.2,112.2,104.1,104.1,118.3,110.1,110.1,-6.2,-6.0,-6.0,0.086,1.0,13.0,0.109,0.119,0.114,13.0,13.2,0.433,0.507,0.177,0.192,96.25,103.57,86.31,103.57,0.052,97,6,15,0.4,1.1,0.4,14,14,8,15,21,5,20,20,15,11,11,16,18,18,13,13,12,1,12,6,16,16,20,18,9,9,21,2,2,19,17,17,21,18,17,2019-20
20,203115,Will Barton,Will,1610612743,DEN,29.0,58,38,20,0.655,33.0,111.2,112.7,112.7,105.6,106.9,106.9,5.6,5.8,5.8,0.157,2.41,19.4,0.04,0.147,0.094,8.0,8.0,0.523,0.549,0.197,0.201,99.29,97.97,81.65,97.97,0.109,3919,332,738,5.7,12.7,0.45,6,4,14,2,1,9,10,10,3,4,4,3,3,3,6,2,7,12,8,11,5,5,10,14,7,7,12,17,17,5,3,3,3,3,14,2019-20
0,1629164,Brandon Goodwin,Brandon,1610612743,DEN,23.0,16,10,6,0.625,3.6,110.2,107.2,107.2,102.7,99.2,99.2,7.5,8.0,8.0,0.298,4.67,31.1,0.016,0.038,0.026,6.7,6.7,0.304,0.413,0.22,0.231,101.14,104.32,86.94,104.32,0.046,125,6,23,0.4,1.4,0.261,14,13,5,16,16,7,11,11,2,3,3,3,2,2,3,3,2,16,17,17,4,4,17,17,6,6,5,6,6,16,16,13,17,14,18,2018-19
1,1629152,DeVaughn Akoon-Purcell,DeVaughn,1610612743,DEN,26.0,7,7,0,1.0,3.1,113.7,106.3,106.3,109.6,102.0,102.0,4.1,4.2,4.2,0.375,3.0,31.6,0.043,0.15,0.093,10.5,10.6,0.3,0.322,0.228,0.244,100.27,107.55,89.62,107.55,0.053,48,3,10,0.4,1.4,0.3,17,16,1,1,18,1,12,12,18,4,4,7,8,8,1,4,1,8,6,6,12,12,18,18,5,4,11,3,3,15,17,17,16,15,17,2018-19
2,203914,Gary Harris,Gary,1610612743,DEN,24.0,57,38,19,0.667,28.8,109.9,111.6,111.6,104.3,105.3,105.3,5.7,6.2,6.2,0.11,1.87,14.2,0.024,0.07,0.047,7.6,7.6,0.488,0.526,0.195,0.198,100.65,99.4,82.83,99.4,0.076,3401,270,637,4.7,11.2,0.424,10,10,9,6,3,8,5,5,4,8,8,5,3,3,11,9,13,12,15,15,5,5,12,11,7,8,8,15,15,11,6,6,3,3,12,2018-19
3,202738,Isaiah Thomas,Isaiah,1610612743,DEN,30.0,12,6,6,0.5,15.1,99.7,99.0,99.0,105.0,104.5,104.5,-5.3,-5.5,-5.5,0.198,1.28,15.1,0.023,0.04,0.031,11.8,11.9,0.404,0.437,0.274,0.284,106.36,107.0,89.17,107.0,0.039,403,34,99,2.8,8.3,0.343,15,17,5,18,12,17,15,15,5,6,6,16,17,17,8,16,11,13,16,16,14,14,16,16,1,1,3,4,4,17,12,12,10,8,15,2018-19
4,1627750,Jamal Murray,Jamal,1610612743,DEN,22.0,75,49,26,0.653,32.6,111.4,112.8,112.8,107.8,108.0,108.0,3.5,4.8,4.8,0.22,2.3,20.5,0.026,0.101,0.063,8.9,8.8,0.502,0.538,0.241,0.249,100.2,99.49,82.91,99.49,0.108,5074,513,1173,6.8,15.6,0.437,5,6,13,13,1,3,3,3,13,16,16,8,5,5,5,6,8,10,12,11,8,8,10,10,3,3,13,13,13,5,2,2,2,1,11,2018-19
5,1629020,Jarred Vanderbilt,Jarred,1610612743,DEN,20.0,17,10,7,0.588,4.1,102.3,96.9,96.9,94.1,92.5,92.5,8.2,4.5,4.5,0.064,0.38,8.6,0.084,0.205,0.143,22.9,23.3,0.474,0.513,0.179,0.186,107.47,111.35,92.79,111.35,0.085,162,9,19,0.5,1.1,0.474,13,13,7,17,14,16,18,18,1,1,1,1,6,6,16,18,18,3,2,3,18,18,14,12,11,11,1,2,2,9,13,14,15,17,7,2018-19
6,1627823,Juancho Hernangomez,Juancho,1610612743,DEN,23.0,70,44,26,0.629,19.4,107.6,108.6,108.6,107.0,107.3,107.3,0.6,1.3,1.3,0.054,1.49,12.5,0.044,0.144,0.093,8.4,8.3,0.545,0.58,0.119,0.122,100.22,99.61,83.01,99.61,0.076,2818,138,314,2.0,4.5,0.439,7,8,13,14,10,13,10,10,11,14,14,13,13,13,18,13,15,7,7,7,6,6,7,6,17,17,12,11,11,12,11,11,12,12,10,2018-19
7,1627736,Malik Beasley,Malik,1610612743,DEN,22.0,81,53,28,0.654,23.2,110.3,111.2,111.2,108.3,107.3,107.3,2.1,3.9,3.9,0.074,1.76,10.6,0.018,0.085,0.051,6.0,6.0,0.584,0.599,0.181,0.187,100.51,100.59,83.82,100.59,0.089,3929,349,737,4.3,9.1,0.474,3,3,16,12,7,6,6,6,14,13,13,11,9,9,15,10,17,14,13,12,3,3,4,3,10,10,9,9,9,8,3,3,5,6,8,2018-19
8,203486,Mason Plumlee,Mason,1610612743,DEN,29.0,82,54,28,0.659,21.1,108.9,109.3,109.3,106.9,106.1,106.1,2.1,3.2,3.2,0.199,1.93,27.0,0.091,0.198,0.144,14.0,14.0,0.595,0.602,0.159,0.164,99.38,99.6,83.0,99.6,0.115,3571,262,442,3.2,5.4,0.593,1,1,16,9,8,10,9,9,10,12,12,10,11,11,7,7,4,1,3,2,16,16,3,2,13,14,17,12,12,2,7,9,9,10,1,2018-19
9,1628420,Monte Morris,Monte,1610612743,DEN,24.0,82,54,28,0.659,24.0,108.7,109.4,109.4,105.7,105.1,105.1,3.1,4.3,4.3,0.221,5.71,27.4,0.017,0.078,0.047,4.8,4.8,0.56,0.577,0.168,0.173,99.2,99.16,82.63,99.16,0.113,4071,346,702,4.2,8.6,0.493,1,1,16,9,6,11,8,8,8,7,7,9,7,7,4,1,3,15,14,14,1,1,5,7,12,12,18,16,16,4,4,4,7,7,5,2018-19
10,201156,Nick Young,Nick,1610612743,DEN,34.0,4,3,1,0.75,9.3,98.8,98.7,98.7,105.3,103.8,103.8,-6.6,-5.1,-5.1,0.077,1.0,15.4,0.0,0.026,0.012,15.4,15.4,0.5,0.5,0.126,0.129,100.7,101.47,84.56,101.47,0.003,78,3,9,0.8,2.3,0.333,18,18,2,3,13,18,16,16,7,5,5,18,16,16,14,17,10,17,18,18,17,17,11,14,15,15,7,7,7,18,17,18,13,13,16,2018-19
11,203999,Nikola Jokic,Nikola,1610612743,DEN,24.0,80,53,27,0.663,31.3,111.3,113.3,113.3,107.0,107.5,107.5,4.3,5.8,5.8,0.361,2.34,26.5,0.089,0.249,0.169,11.4,11.3,0.545,0.589,0.271,0.274,99.51,98.4,82.0,98.4,0.188,5140,616,1206,7.7,15.1,0.511,4,3,15,8,2,4,2,2,12,15,15,6,4,4,2,5,5,2,1,1,13,13,6,5,2,2,16,18,18,1,1,1,1,2,3,2018-19
12,200794,Paul Millsap,Paul,1610612743,DEN,34.0,70,49,21,0.7,27.1,112.8,114.0,114.0,105.1,105.4,105.4,7.7,8.6,8.6,0.104,1.48,13.9,0.078,0.182,0.13,9.4,9.4,0.528,0.57,0.191,0.195,100.08,99.44,82.87,99.44,0.113,3927,322,665,4.6,9.5,0.484,7,6,10,5,5,2,1,1,6,9,9,2,1,1,12,14,14,4,4,4,9,9,8,8,9,9,14,14,14,3,5,5,4,5,6,2018-19
13,1629118,Thomas Welsh,Thomas,1610612743,DEN,23.0,11,8,3,0.727,3.3,109.9,100.0,100.0,103.3,97.7,97.7,6.6,2.3,2.3,0.2,5.0,25.0,0.0,0.114,0.047,5.0,5.0,0.654,0.648,0.153,0.165,106.74,115.02,95.85,115.02,0.106,87,7,13,0.6,1.2,0.538,16,15,3,4,17,9,14,14,3,2,2,4,12,12,6,2,6,17,10,13,2,2,1,1,14,13,2,1,1,6,15,16,14,16,2,2018-19
14,1628470,Torrey Craig,Torrey,1610612743,DEN,28.0,75,50,25,0.667,20.0,110.9,112.0,112.0,108.8,108.7,108.7,2.1,3.3,3.3,0.062,1.64,14.2,0.057,0.112,0.084,8.7,8.6,0.526,0.547,0.121,0.124,99.52,99.05,82.54,99.05,0.055,3088,160,362,2.1,4.8,0.442,5,5,12,6,9,5,4,4,16,17,17,12,10,10,17,11,12,6,11,9,7,7,9,9,16,16,15,17,17,14,10,10,11,11,9,2018-19
15,1626168,Trey Lyles,Trey,1610612743,DEN,23.0,64,42,22,0.656,17.5,105.2,105.7,105.7,106.4,105.7,105.7,-1.1,0.0,0.0,0.116,1.28,12.4,0.036,0.172,0.103,9.7,9.7,0.47,0.5,0.229,0.236,100.76,100.85,84.04,100.85,0.094,2354,207,495,3.2,7.7,0.418,9,9,11,11,11,14,13,13,9,10,10,15,15,15,10,15,16,9,5,5,11,11,15,15,4,5,6,8,8,7,8,7,8,9,13,2018-19
16,1628399,Tyler Lydon,Tyler,1610612743,DEN,23.0,25,20,5,0.8,3.7,103.5,97.6,97.6,109.5,105.9,105.9,-6.0,-8.3,-8.3,0.087,1.5,20.7,0.062,0.133,0.092,13.8,13.6,0.611,0.595,0.097,0.105,100.48,105.2,87.67,105.2,0.057,208,9,18,0.4,0.7,0.5,12,12,4,2,15,15,17,17,17,11,11,17,18,18,13,12,7,5,9,8,15,15,2,4,18,18,10,5,5,13,13,15,18,18,4,2018-19
17,203115,Will Barton,Will,1610612743,DEN,28.0,43,27,16,0.628,27.7,108.3,109.7,109.7,108.3,109.1,109.1,-0.1,0.6,0.6,0.146,1.91,18.3,0.026,0.137,0.081,9.6,9.5,0.475,0.501,0.195,0.2,101.15,100.16,83.47,100.16,0.08,2477,185,460,4.3,10.7,0.402,11,11,8,15,4,12,7,7,15,18,18,14,14,14,9,8,9,11,8,10,10,10,13,13,8,7,4,10,10,10,9,8,6,4,14,2018-19
0,201589,Darrell Arthur,Darrell,1610612743,DEN,30.0,19,12,7,0.632,7.4,100.6,99.7,99.7,112.8,110.1,110.1,-12.2,-10.5,-10.5,0.101,0.6,12.5,0.021,0.087,0.054,20.8,20.7,0.553,0.559,0.188,0.199,102.46,104.17,86.81,104.17,0.039,305,22,47,1.2,2.5,0.468,16,15,3,3,17,17,16,16,17,12,12,16,15,15,12,17,14,12,13,13,18,18,6,9,8,8,2,1,1,17,15,15,16,15,7,2017-18
1,2734,Devin Harris,Devin,1610612743,DEN,35.0,27,17,10,0.63,19.7,110.5,110.8,110.8,112.6,111.6,111.6,-2.1,-0.8,-0.8,0.175,2.48,23.3,0.006,0.07,0.038,9.4,9.3,0.509,0.568,0.173,0.18,100.75,101.08,84.23,101.08,0.071,1121,69,170,2.6,6.3,0.406,13,12,4,4,7,5,5,5,15,16,16,11,9,9,5,3,4,16,16,17,7,7,13,7,10,9,5,5,5,12,12,11,10,9,15,2017-18
3,203914,Gary Harris,Gary,1610612743,DEN,23.0,67,37,30,0.552,34.4,110.7,111.7,111.7,107.5,108.2,108.2,3.3,3.5,3.5,0.128,1.63,15.0,0.016,0.061,0.039,9.2,9.2,0.57,0.597,0.204,0.208,99.16,98.41,82.01,98.41,0.098,4729,440,908,6.6,13.6,0.485,7,7,12,14,1,4,4,4,3,6,6,4,4,4,10,8,11,14,17,16,5,5,3,3,6,6,9,13,13,8,4,4,2,1,6,2017-18
4,1627750,Jamal Murray,Jamal,1610612743,DEN,21.0,81,46,35,0.568,31.7,113.0,113.9,113.9,109.7,110.2,110.2,3.3,3.7,3.7,0.159,1.59,17.1,0.033,0.087,0.06,10.8,10.6,0.529,0.576,0.223,0.231,98.37,97.75,81.46,97.75,0.096,5237,479,1062,5.9,13.1,0.451,1,1,17,9,5,1,2,2,10,13,13,3,3,3,6,9,8,9,14,10,13,12,7,6,3,3,14,16,16,9,2,1,3,3,11,2017-18
5,1627823,Juancho Hernangomez,Juancho,1610612743,DEN,22.0,25,15,10,0.6,11.1,106.8,105.1,105.1,111.2,109.2,109.2,-4.4,-4.2,-4.2,0.06,1.33,11.9,0.062,0.139,0.098,8.9,8.9,0.48,0.511,0.134,0.138,97.72,99.44,82.86,99.44,0.061,574,29,75,1.2,3.0,0.387,14,14,4,5,13,11,11,11,13,10,10,12,12,12,16,13,16,5,6,7,4,4,16,14,15,15,17,9,9,13,14,14,15,13,17,2017-18
6,202702,Kenneth Faried,Kenneth,1610612743,DEN,28.0,32,16,16,0.5,14.4,103.9,103.2,103.2,108.6,108.1,108.1,-4.6,-5.0,-5.0,0.064,0.78,8.5,0.135,0.193,0.162,10.8,10.9,0.514,0.552,0.173,0.178,98.15,98.71,82.26,98.71,0.108,950,76,148,2.4,4.6,0.514,12,13,7,17,12,14,13,13,7,4,4,13,13,13,15,16,17,1,3,2,14,14,11,10,9,10,15,11,11,5,10,12,11,11,3,2017-18
7,1627736,Malik Beasley,Malik,1610612743,DEN,21.0,62,34,28,0.548,9.4,106.3,104.3,104.3,107.3,105.3,105.3,-1.1,-1.0,-1.0,0.077,1.29,12.6,0.023,0.095,0.058,9.8,9.7,0.489,0.509,0.151,0.159,100.98,102.96,85.8,102.96,0.06,1243,73,178,1.2,2.9,0.41,8,8,11,15,14,12,12,12,2,1,1,8,10,10,14,14,13,11,12,12,8,8,14,15,12,12,4,3,3,14,11,10,14,14,14,2017-18
8,203486,Mason Plumlee,Mason,1610612743,DEN,28.0,74,40,34,0.541,19.5,107.1,107.5,107.5,108.8,108.2,108.2,-1.7,-0.7,-0.7,0.145,1.39,20.6,0.092,0.182,0.138,14.8,14.8,0.601,0.586,0.161,0.166,99.89,99.99,83.32,99.99,0.098,2984,221,368,3.0,5.0,0.601,4,6,16,16,8,10,10,10,8,5,5,9,8,8,7,12,7,2,4,3,17,17,2,5,11,11,6,8,8,7,7,8,9,10,2,2017-18
9,1628420,Monte Morris,Monte,1610612743,DEN,23.0,3,2,1,0.667,8.4,102.8,100.0,100.0,112.6,114.8,114.8,-9.9,-14.8,-14.8,0.368,7.0,46.7,0.0,0.08,0.041,6.7,6.7,0.667,0.727,0.136,0.139,103.04,103.46,86.22,103.46,0.167,55,4,6,1.3,2.0,0.667,17,17,2,2,15,15,15,15,16,17,17,15,17,17,1,1,1,17,15,15,2,2,1,1,14,14,1,2,2,2,17,17,13,16,1,2017-18
10,203999,Nikola Jokic,Nikola,1610612743,DEN,23.0,75,43,32,0.573,32.6,112.6,114.0,114.0,108.0,107.8,107.8,4.6,6.2,6.2,0.286,2.18,25.3,0.081,0.254,0.168,11.6,11.6,0.554,0.603,0.238,0.242,98.04,97.52,81.27,97.52,0.169,4983,504,1010,6.7,13.5,0.499,3,3,13,7,3,2,1,1,4,2,2,1,1,1,2,5,3,3,1,1,15,15,5,2,1,1,16,17,17,1,1,3,1,2,4,2017-18
11,200794,Paul Millsap,Paul,1610612743,DEN,33.0,38,22,16,0.579,30.1,111.1,111.8,111.8,107.0,107.8,107.8,4.1,3.9,3.9,0.139,1.44,15.4,0.058,0.153,0.107,10.7,10.7,0.509,0.549,0.217,0.222,98.74,98.06,81.72,98.06,0.105,2340,202,435,5.3,11.4,0.464,11,10,7,6,6,3,3,3,1,3,3,2,2,2,8,11,10,6,5,5,12,13,12,11,4,4,12,15,15,6,8,7,5,5,8,2017-18
12,2210,Richard Jefferson,Richard,1610612743,DEN,38.0,20,10,10,0.5,8.2,98.1,97.1,97.1,111.9,110.3,110.3,-13.8,-13.2,-13.2,0.135,3.0,30.0,0.011,0.099,0.052,10.0,10.0,0.481,0.499,0.089,0.094,98.83,100.04,83.37,100.04,0.047,342,12,27,0.6,1.4,0.444,15,16,4,17,16,18,17,17,14,14,14,17,16,16,9,2,2,15,11,14,10,10,15,17,17,17,10,6,6,16,16,16,17,17,13,2017-18
13,1628470,Torrey Craig,Torrey,1610612743,DEN,27.0,39,22,17,0.564,16.1,109.4,108.0,108.0,111.1,110.9,110.9,-1.8,-2.9,-2.9,0.054,1.25,12.8,0.064,0.134,0.1,10.2,10.1,0.515,0.535,0.116,0.122,99.3,100.03,83.35,100.03,0.056,1300,62,137,1.6,3.5,0.453,10,10,9,11,11,7,9,9,12,15,15,10,11,11,17,15,12,4,7,6,11,11,10,13,16,16,8,7,7,15,13,13,12,12,9,2017-18
14,1626168,Trey Lyles,Trey,1610612743,DEN,22.0,73,41,32,0.562,19.1,108.1,108.2,108.2,109.0,108.4,108.4,-0.9,-0.2,-0.2,0.105,1.49,11.9,0.039,0.215,0.125,8.0,8.0,0.566,0.591,0.205,0.211,98.77,98.97,82.48,98.97,0.128,2873,270,550,3.7,7.5,0.491,6,4,13,12,9,9,8,8,9,7,7,7,7,7,11,10,15,8,2,4,3,3,4,4,5,5,11,10,10,3,6,6,7,8,5,2017-18
15,1628399,Tyler Lydon,Tyler,1610612743,DEN,22.0,1,1,0,1.0,2.2,104.2,75.0,75.0,225.0,225.0,225.0,-120.8,-150.0,-150.0,0.0,0.0,0.0,0.0,0.0,0.0,0.0,0.0,0.0,0.0,0.0,0.0,76.21,88.62,73.85,88.62,0.0,4,0,0,0.0,0.0,0.0,18,18,1,1,18,13,18,18,18,18,18,18,18,18,18,18,18,17,18,18,1,1,18,18,18,18,18,18,18,18,18,18,18,18,18,2017-18
16,203115,Will Barton,Will,1610612743,DEN,27.0,81,46,35,0.568,33.1,109.1,110.7,110.7,108.5,108.6,108.6,0.7,2.1,2.1,0.185,2.22,20.7,0.026,0.126,0.075,9.3,9.3,0.528,0.562,0.201,0.206,99.36,98.63,82.19,98.63,0.109,5517,465,1028,5.7,12.7,0.452,1,1,17,9,2,8,6,6,6,8,8,6,5,5,4,4,6,10,9,9,6,6,8,8,7,7,7,12,12,4,3,2,4,4,10,2017-18
17,201163,Wilson Chandler,Wilson,1610612743,DEN,31.0,74,41,33,0.554,31.7,109.7,110.5,110.5,108.4,109.1,109.1,1.2,1.4,1.4,0.094,1.73,17.1,0.044,0.127,0.085,9.9,9.9,0.515,0.542,0.142,0.144,98.72,98.1,81.75,98.1,0.071,4790,281,631,3.8,8.5,0.445,4,4,15,13,4,6,7,7,5,9,9,5,6,6,13,6,9,7,8,8,9,9,9,12,13,13,13,14,14,11,5,5,6,6,12,2017-18
0,202087,Alonzo Gee,Alonzo,1610612743,DEN,30.0,13,4,9,0.308,6.9,107.8,104.2,104.2,106.3,103.3,103.3,1.4,0.9,0.9,0.092,1.5,21.4,0.043,0.11,0.077,14.3,14.3,0.214,0.306,0.103,0.108,104.33,107.63,89.69,107.63,0.008,191,3,14,0.2,1.1,0.214,16,17,4,17,16,12,16,16,2,3,3,4,7,7,15,10,6,10,13,12,16,16,19,19,18,18,1,2,2,19,17,17,19,17,19,2016-17
1,201568,Danilo Gallinari,Danilo,1610612743,DEN,28.0,63,31,32,0.492,33.9,112.1,113.9,113.9,109.4,110.5,110.5,2.7,3.4,3.4,0.09,1.65,11.9,0.018,0.13,0.075,7.2,7.2,0.531,0.622,0.198,0.2,100.53,99.27,82.73,99.27,0.114,4417,335,750,5.3,11.9,0.447,5,5,13,8,1,4,4,4,8,11,11,3,3,3,16,7,14,17,11,13,2,2,12,4,8,8,11,19,19,4,3,3,4,2,12,2016-17
2,201589,Darrell Arthur,Darrell,1610612743,DEN,29.0,41,20,21,0.488,15.6,108.4,108.2,108.2,108.8,109.7,109.7,-0.4,-1.5,-1.5,0.099,1.17,13.9,0.038,0.133,0.086,11.9,11.9,0.565,0.583,0.176,0.18,99.86,99.56,82.97,99.56,0.077,1323,95,215,2.3,5.2,0.442,12,11,8,9,12,11,13,13,7,8,8,8,12,12,12,13,12,11,10,11,12,12,6,10,13,12,19,16,16,14,13,12,12,12,15,2016-17
3,1626144,Emmanuel Mudiay,Emmanuel,1610612743,DEN,21.0,55,25,30,0.455,25.6,106.8,108.6,108.6,112.3,113.3,113.3,-5.5,-4.7,-4.7,0.222,1.76,22.5,0.02,0.104,0.062,12.7,12.8,0.428,0.483,0.222,0.224,101.93,100.64,83.87,100.64,0.074,2950,208,551,3.8,10.0,0.377,10,10,12,13,7,15,12,12,16,16,16,16,16,16,5,5,5,16,14,15,13,13,18,18,2,2,5,9,9,17,9,8,6,6,18,2016-17
4,203914,Gary Harris,Gary,1610612743,DEN,22.0,57,29,28,0.509,31.3,115.0,116.1,116.1,114.0,113.9,113.9,1.0,2.2,2.2,0.129,2.16,17.6,0.027,0.076,0.051,8.1,8.1,0.586,0.611,0.183,0.185,100.41,99.98,83.32,99.98,0.091,3713,320,637,5.6,11.2,0.502,9,8,10,5,2,2,2,2,17,17,17,6,6,6,10,2,10,14,18,17,3,3,4,5,9,10,14,11,11,9,4,6,3,4,7,2016-17
5,1627750,Jamal Murray,Jamal,1610612743,DEN,20.0,82,40,42,0.488,21.5,109.1,110.2,110.2,108.1,108.0,108.0,1.0,2.2,2.2,0.142,1.5,16.1,0.023,0.095,0.059,10.7,10.6,0.483,0.518,0.212,0.216,101.14,100.7,83.91,100.7,0.078,3700,295,730,3.6,8.9,0.404,1,1,19,9,9,9,9,9,4,5,5,7,5,5,9,9,11,15,15,16,9,9,17,16,6,6,7,8,8,13,5,4,9,7,16,2016-17
6,2749,Jameer Nelson,Jameer,1610612743,DEN,35.0,75,34,41,0.453,27.3,110.8,112.5,112.5,109.7,109.6,109.6,1.1,2.9,2.9,0.258,3.01,33.7,0.013,0.08,0.046,11.2,11.2,0.531,0.544,0.156,0.157,100.07,99.39,82.82,99.39,0.075,4237,268,604,3.6,8.1,0.444,2,4,18,14,6,6,5,5,9,7,7,5,4,4,3,1,3,19,16,19,10,10,11,14,14,15,17,18,18,15,7,7,10,8,13,2016-17
7,203950,Jarnell Stokes,Jarnell,1610612743,DEN,23.0,2,0,2,0.0,3.3,115.3,114.3,114.3,118.3,114.3,114.3,-3.1,0.0,0.0,0.4,0.0,50.0,0.1,0.143,0.118,0.0,0.0,1.0,0.798,0.111,0.111,100.5,102.7,85.58,102.7,0.121,14,1,1,0.5,0.5,1.0,19,19,2,19,18,1,3,3,18,18,18,13,8,8,1,19,1,6,9,7,1,1,1,1,17,17,12,6,6,3,19,19,16,18,1,2016-17
9,1627823,Juancho Hernangomez,Juancho,1610612743,DEN,21.0,62,30,32,0.484,13.6,107.7,107.9,107.9,111.3,110.1,110.1,-3.6,-2.2,-2.2,0.048,0.94,9.2,0.047,0.171,0.107,9.8,9.8,0.554,0.592,0.139,0.144,101.03,101.51,84.59,101.51,0.086,1783,101,224,1.6,3.6,0.451,6,7,13,11,13,14,14,14,12,10,10,15,15,15,19,15,17,8,6,8,8,8,7,7,16,16,8,7,7,11,11,11,13,13,11,2016-17
11,202702,Kenneth Faried,Kenneth,1610612743,DEN,27.0,61,29,32,0.475,21.2,109.0,110.7,110.7,112.1,112.3,112.3,-3.0,-1.7,-1.7,0.064,0.93,9.0,0.135,0.218,0.175,9.6,9.6,0.548,0.588,0.179,0.181,100.83,99.95,83.29,99.95,0.124,2692,228,416,3.7,6.8,0.548,7,8,13,12,10,10,8,8,15,15,15,12,13,13,18,16,19,1,3,2,7,7,8,8,11,11,9,12,12,2,8,9,7,9,4,2016-17
12,1627736,Malik Beasley,Malik,1610612743,DEN,20.0,22,12,10,0.545,7.5,111.0,109.9,109.9,96.0,94.4,94.4,15.0,15.5,15.5,0.098,1.38,11.3,0.032,0.064,0.05,8.2,8.3,0.514,0.536,0.216,0.222,103.72,105.09,87.57,105.09,0.086,362,33,73,1.5,3.3,0.452,14,14,5,3,15,5,10,10,1,1,1,1,1,1,13,11,15,13,19,18,4,4,14,15,5,4,2,4,4,10,14,14,14,14,10,2016-17
13,203486,Mason Plumlee,Mason,1610612743,DEN,27.0,27,15,12,0.556,23.4,109.8,110.8,110.8,111.9,111.2,111.2,-2.1,-0.4,-0.4,0.158,1.52,21.1,0.079,0.185,0.133,13.9,13.9,0.547,0.571,0.177,0.179,99.96,99.86,83.21,99.86,0.098,1308,99,181,3.7,6.7,0.547,13,13,7,2,8,8,7,7,14,13,13,10,9,9,8,8,7,7,5,5,15,15,9,11,12,13,18,13,13,7,12,13,8,10,5,2016-17
14,2034,Mike Miller,Mike,1610612743,DEN,37.0,20,9,11,0.45,7.5,105.5,104.6,104.6,108.7,105.4,105.4,-3.3,-0.9,-0.9,0.195,1.69,37.3,0.014,0.243,0.129,22.0,22.1,0.565,0.586,0.102,0.104,103.18,105.22,87.68,105.22,0.084,329,9,23,0.5,1.2,0.391,15,15,6,15,14,17,15,15,6,4,4,14,10,10,6,6,2,18,2,6,19,19,5,9,19,19,3,3,3,12,15,15,17,16,17,2016-17
15,203999,Nikola Jokic,Nikola,1610612743,DEN,22.0,73,37,36,0.507,27.9,114.9,116.3,116.3,109.8,109.7,109.7,5.1,6.5,6.5,0.266,2.1,24.2,0.106,0.248,0.178,11.5,11.5,0.605,0.64,0.231,0.234,100.78,100.23,83.52,100.23,0.167,4264,494,854,6.8,11.7,0.578,3,2,16,6,5,3,1,1,10,9,9,2,2,2,2,4,4,4,1,1,11,11,3,3,1,1,10,10,10,1,1,2,1,3,3,2016-17
16,201579,Roy Hibbert,Roy,1610612743,DEN,30.0,6,5,1,0.833,1.8,64.0,53.8,53.8,107.1,100.0,100.0,-43.2,-46.2,-46.2,0.25,1.0,20.0,0.111,0.077,0.091,20.0,20.0,0.667,0.667,0.143,0.168,102.56,115.46,96.22,115.46,0.07,26,2,3,0.3,0.5,0.667,18,16,1,1,19,19,19,19,3,2,2,19,19,19,4,14,8,2,17,10,18,18,2,2,15,14,4,1,1,18,18,18,18,18,2,2016-17
17,203115,Will Barton,Will,1610612743,DEN,26.0,60,31,29,0.517,28.4,107.7,108.8,108.8,110.6,111.0,111.0,-2.9,-2.1,-2.1,0.185,2.12,19.7,0.032,0.12,0.075,9.3,9.2,0.508,0.547,0.207,0.211,100.14,99.46,82.88,99.46,0.102,3531,295,666,4.9,11.1,0.443,8,5,11,4,4,13,11,11,11,12,12,11,14,14,7,3,9,12,12,14,6,6,15,12,7,7,15,17,17,6,5,5,5,5,14,2016-17
18,201163,Wilson Chandler,Wilson,1610612743,DEN,30.0,71,35,36,0.493,30.9,110.1,111.1,111.1,111.8,112.1,112.1,-1.7,-1.0,-1.0,0.097,1.24,11.1,0.046,0.162,0.103,9.0,8.9,0.52,0.545,0.217,0.221,100.42,99.83,83.19,99.83,0.098,4573,433,939,6.1,13.2,0.461,4,3,16,7,3,7,6,6,13,14,14,9,11,11,14,12,16,9,8,9,5,5,13,13,4,5,13,14,14,8,2,1,2,1,9,2016-17
0,1626253,Axel Toupane,Axel,1610612743,DEN,23.0,21,9,12,0.429,14.5,107.6,108.2,108.2,109.7,110.4,110.4,-2.1,-2.2,-2.2,0.068,2.5,15.3,0.028,0.076,0.053,6.1,6.1,0.45,0.49,0.122,0.125,97.01,96.42,80.35,96.42,0.029,612,25,70,1.2,3.3,0.357,16,15,3,3,15,2,2,2,17,18,18,8,7,7,17,2,8,8,16,15,2,2,13,13,17,17,16,16,16,19,15,15,15,15,16,2015-16
1,201571,D.J. Augustin,D.J.,1610612743,DEN,28.0,28,11,17,0.393,23.5,107.0,108.7,108.7,108.9,109.2,109.2,-1.9,-0.5,-0.5,0.311,2.44,29.0,0.005,0.074,0.04,11.9,11.8,0.541,0.601,0.213,0.216,99.15,98.29,81.91,98.29,0.12,1346,102,229,3.6,8.2,0.445,13,13,6,11,7,3,1,1,15,14,14,6,3,3,1,3,4,18,17,18,14,14,2,1,6,6,3,5,5,5,11,12,7,6,8,2015-16
2,201568,Danilo Gallinari,Danilo,1610612743,DEN,27.0,53,22,31,0.415,34.7,103.4,105.0,105.0,106.8,107.8,107.8,-3.5,-2.8,-2.8,0.122,1.75,12.2,0.027,0.127,0.075,7.0,7.0,0.472,0.582,0.226,0.228,98.45,97.26,81.05,97.26,0.124,3727,287,700,5.4,13.2,0.41,9,8,11,6,1,8,6,6,11,11,11,9,9,9,10,7,13,10,10,9,3,3,12,3,3,4,7,11,11,4,6,4,1,2,11,2015-16
3,201589,Darrell Arthur,Darrell,1610612743,DEN,28.0,70,26,44,0.371,21.7,101.4,102.2,102.2,103.5,104.0,104.0,-2.1,-1.8,-1.8,0.102,1.45,14.2,0.055,0.132,0.093,9.8,9.8,0.498,0.514,0.165,0.168,98.24,97.63,81.36,97.63,0.079,3085,221,489,3.2,7.0,0.452,4,5,16,15,8,13,12,12,5,5,5,7,5,5,11,11,10,6,8,7,7,7,9,10,11,11,10,8,8,9,7,7,9,10,7,2015-16
4,1626144,Emmanuel Mudiay,Emmanuel,1610612743,DEN,20.0,68,29,39,0.426,30.4,103.3,104.7,104.7,107.1,107.9,107.9,-3.7,-3.1,-3.1,0.281,1.71,23.4,0.015,0.097,0.055,13.7,13.7,0.404,0.437,0.25,0.253,99.36,98.31,81.93,98.31,0.068,4242,329,905,4.8,13.3,0.364,5,4,14,4,3,9,7,7,12,12,12,11,10,10,3,8,5,15,13,13,16,16,18,18,2,2,2,4,4,12,4,2,4,1,15,2015-16
5,203475,Erick Green,Erick,1610612743,DEN,25.0,3,1,2,0.333,2.5,113.6,93.8,93.8,94.9,93.3,93.3,18.8,0.4,0.4,0.2,0.0,50.0,0.0,0.2,0.091,0.0,0.0,0.0,0.0,0.059,0.07,89.87,99.64,83.04,99.64,0.038,16,0,1,0.0,0.3,0.0,19,19,1,17,19,1,19,19,1,1,1,1,2,2,4,19,1,19,5,8,1,1,19,19,19,19,19,2,2,18,19,19,19,19,19,2015-16
6,203914,Gary Harris,Gary,1610612743,DEN,21.0,76,31,45,0.408,32.1,103.5,105.1,105.1,108.6,109.2,109.2,-5.1,-4.1,-4.1,0.093,1.5,13.8,0.021,0.069,0.044,9.2,9.2,0.538,0.566,0.16,0.163,98.63,97.57,81.31,97.57,0.076,4953,359,765,4.7,10.1,0.469,3,2,17,7,2,7,5,5,14,15,15,15,14,14,13,9,12,13,18,17,4,4,3,6,13,13,5,9,9,10,2,3,5,4,6,2015-16
8,203960,JaKarr Sampson,JaKarr,1610612743,DEN,23.0,26,11,15,0.423,18.0,102.3,103.9,103.9,106.6,107.2,107.2,-4.2,-3.3,-3.3,0.05,0.84,9.9,0.033,0.091,0.062,11.7,11.8,0.504,0.532,0.137,0.137,97.89,96.89,80.74,96.89,0.047,934,54,115,2.1,4.4,0.47,14,13,5,5,11,11,9,9,10,10,10,12,12,12,19,15,16,7,14,12,13,13,8,9,16,16,12,13,13,14,14,13,14,14,5,2015-16
9,2749,Jameer Nelson,Jameer,1610612743,DEN,34.0,39,12,27,0.308,26.6,101.3,102.5,102.5,108.4,109.5,109.5,-7.0,-7.1,-7.1,0.287,2.88,32.9,0.017,0.097,0.055,11.4,11.4,0.438,0.464,0.163,0.166,96.64,95.59,79.66,95.59,0.07,2069,113,307,2.9,7.9,0.368,11,12,10,18,5,14,11,11,13,16,16,17,17,17,2,1,3,14,12,14,12,12,15,15,12,12,17,18,18,11,10,10,11,7,13,2015-16
10,203530,Joffrey Lauvergne,Joffrey,1610612743,DEN,24.0,59,24,35,0.407,17.6,100.1,101.0,101.0,109.8,110.8,110.8,-9.7,-9.8,-9.8,0.093,1.04,10.7,0.073,0.204,0.138,10.4,10.4,0.53,0.567,0.196,0.199,97.61,96.72,80.6,96.72,0.114,2091,195,380,3.3,6.4,0.513,7,7,13,9,12,16,13,13,18,19,19,18,18,18,12,12,14,4,3,4,9,9,5,5,8,8,13,14,14,6,8,8,8,11,2,2015-16
11,203994,Jusuf Nurkic,Jusuf,1610612743,DEN,21.0,32,14,18,0.438,17.1,103.8,104.7,104.7,105.1,105.3,105.3,-1.3,-0.6,-0.6,0.123,0.73,10.5,0.113,0.2,0.155,14.4,14.5,0.417,0.46,0.266,0.272,98.31,97.83,81.52,97.83,0.085,1115,101,242,3.2,7.6,0.417,12,11,7,2,13,6,8,8,7,7,7,5,4,4,9,18,15,2,6,3,18,18,17,16,1,1,9,7,7,8,12,11,10,8,10,2015-16
12,202702,Kenneth Faried,Kenneth,1610612743,DEN,26.0,67,26,41,0.388,25.3,104.7,106.5,106.5,109.1,110.0,110.0,-4.3,-3.5,-3.5,0.077,0.87,8.9,0.132,0.21,0.17,10.2,10.2,0.558,0.577,0.203,0.207,98.14,96.9,80.75,96.9,0.126,3425,349,626,5.2,9.3,0.558,6,5,15,12,6,4,3,3,16,17,17,14,13,13,15,14,19,1,2,1,8,8,1,4,7,7,11,12,12,2,3,5,2,5,1,2015-16
13,203123,Kostas Papanikolaou,Kostas,1610612743,DEN,25.0,26,8,18,0.308,11.3,98.6,97.9,97.9,98.7,100.3,100.3,-0.2,-2.4,-2.4,0.077,0.76,14.5,0.027,0.107,0.067,19.1,19.2,0.439,0.464,0.141,0.145,94.93,94.44,78.7,94.44,0.044,581,24,66,0.9,2.5,0.364,14,16,7,18,16,17,17,17,2,2,2,3,8,8,16,16,9,9,11,10,19,19,14,14,15,15,18,19,19,16,16,16,17,17,14,2015-16
14,2034,Mike Miller,Mike,1610612743,DEN,36.0,47,21,26,0.447,7.9,96.1,95.3,95.3,110.4,109.2,109.2,-14.2,-13.9,-13.9,0.159,2.35,33.6,0.014,0.127,0.067,14.3,14.3,0.508,0.508,0.089,0.092,98.54,99.55,82.96,99.55,0.045,782,22,62,0.5,1.3,0.355,10,10,9,1,18,19,18,18,19,13,13,19,19,19,7,4,2,16,9,11,17,17,6,11,18,18,6,3,3,15,17,17,18,18,17,2015-16
15,203999,Nikola Jokic,Nikola,1610612743,DEN,21.0,80,31,49,0.388,21.7,104.2,105.5,105.5,102.9,103.1,103.1,1.3,2.4,2.4,0.176,1.82,19.4,0.099,0.223,0.159,10.7,10.6,0.535,0.582,0.194,0.198,97.2,96.5,80.41,96.5,0.145,3488,307,600,3.8,7.5,0.512,2,2,18,13,9,5,4,4,4,4,4,2,1,1,5,6,7,3,1,2,10,10,4,2,9,9,15,15,15,1,5,6,6,9,3,2015-16
18,203115,Will Barton,Will,1610612743,DEN,25.0,82,33,49,0.402,28.7,102.4,103.7,103.7,105.8,106.8,106.8,-3.5,-3.1,-3.1,0.147,1.46,14.1,0.024,0.177,0.099,9.7,9.6,0.489,0.535,0.226,0.231,98.32,97.27,81.06,97.27,0.125,4778,425,983,5.2,12.0,0.432,1,1,18,10,4,10,10,10,9,9,9,10,11,11,8,10,11,11,7,6,6,6,10,8,4,3,8,10,10,3,1,1,3,3,9,2015-16
