,PLAYER_ID,PLAYER_NAME,TEAM_ID,TEAM_ABBREVIATION,AGE,G,MIN,CONTESTED_SHOTS,CONTESTED_SHOTS_2PT,CONTESTED_SHOTS_3PT,DEFLECTIONS,CHARGES_DRAWN,SCREEN_ASSISTS,SCREEN_AST_PTS,OFF_LOOSE_BALLS_RECOVERED,DEF_LOOSE_BALLS_RECOVERED,LOOSE_BALLS_RECOVERED,PCT_LOOSE_BALLS_RECOVERED_OFF,PCT_LOOSE_BALLS_RECOVERED_DEF,OFF_BOXOUTS,DEF_BOXOUTS,BOX_OUTS,BOX_OUT_PLAYER_TEAM_REBS,BOX_OUT_PLAYER_REBS,PCT_BOX_OUTS_OFF,PCT_BOX_OUTS_DEF,PCT_BOX_OUTS_TEAM_REB,PCT_BOX_OUTS_REB,SEASON_ID
0,203932,Aaron Gordon,1610612743,DEN,27.0,68,30.2,5.5,3.93,1.57,1.16,0.01,0.87,2.12,0.41,0.34,0.75,0.549,0.451,0.18,0.29,0.47,0.46,0.32,0.375,0.625,0.969,0.688,2022-23
2,1628971,Bruce Brown,1610612743,DEN,26.0,80,28.5,5.03,2.64,2.39,2.06,0.0,0.24,0.53,0.23,0.26,0.49,0.462,0.538,0.01,0.18,0.19,0.19,0.06,0.067,0.933,1.0,0.333,2022-23
3,1631128,Christian Braun,1610612743,DEN,22.0,76,15.5,3.14,1.87,1.28,0.74,0.03,0.07,0.18,0.08,0.04,0.12,0.667,0.333,0.0,0.07,0.07,0.05,0.01,0.0,1.0,1.0,0.25,2022-23
5,201599,DeAndre Jordan,1610612743,DEN,34.0,39,15.0,3.44,2.85,0.59,0.56,0.0,2.05,4.54,0.05,0.08,0.13,0.4,0.6,0.31,0.51,0.82,0.82,0.67,0.375,0.625,1.0,0.813,2022-23
6,202397,Ish Smith,1610612743,DEN,34.0,43,9.3,0.95,0.4,0.56,0.21,0.02,0.07,0.16,0.05,0.09,0.14,0.333,0.667,0.0,0.07,0.07,0.05,0.02,0.0,1.0,1.0,0.5,2022-23
7,1631298,Jack White,1610612743,DEN,25.0,17,3.9,0.76,0.29,0.47,0.29,0.0,0.06,0.18,0.0,0.0,0.0,0.0,0.0,0.0,0.0,0.0,0.0,0.0,0.0,0.0,0.0,0.0,2022-23
8,1627750,Jamal Murray,1610612743,DEN,26.0,65,32.8,5.22,2.54,2.68,1.86,0.08,0.42,0.92,0.34,0.38,0.72,0.468,0.532,0.0,0.32,0.32,0.32,0.06,0.0,1.0,1.0,0.19,2022-23
9,201145,Jeff Green,1610612743,DEN,36.0,56,19.5,4.46,2.64,1.82,0.41,0.13,0.89,2.16,0.04,0.09,0.13,0.286,0.714,0.02,0.36,0.38,0.25,0.11,0.048,0.952,0.824,0.353,2022-23
10,203484,Kentavious Caldwell-Pope,1610612743,DEN,30.0,76,31.3,2.32,1.18,1.13,2.63,0.01,0.32,0.66,0.24,0.37,0.61,0.391,0.609,0.03,0.22,0.25,0.22,0.07,0.105,0.895,0.944,0.278,2022-23
11,1629008,Michael Porter Jr.,1610612743,DEN,25.0,62,29.0,3.65,2.19,1.45,1.29,0.0,0.23,0.53,0.19,0.26,0.45,0.429,0.571,0.11,0.1,0.21,0.19,0.15,0.538,0.462,0.923,0.692,2022-23
12,203999,Nikola Jokic,1610612743,DEN,28.0,69,33.7,8.49,6.48,2.01,3.16,0.06,4.06,9.32,0.43,0.29,0.72,0.6,0.4,0.41,1.42,1.83,1.77,1.29,0.222,0.778,1.0,0.73,2022-23
13,1631212,Peyton Watson,1610612743,DEN,20.0,23,8.1,1.96,1.43,0.52,0.3,0.0,0.0,0.0,0.09,0.04,0.13,0.667,0.333,0.0,0.17,0.17,0.17,0.09,0.0,1.0,1.0,0.5,2022-23
14,202704,Reggie Jackson,1610612743,DEN,33.0,16,19.9,2.94,1.13,1.81,0.75,0.0,0.25,0.63,0.13,0.38,0.5,0.25,0.75,0.0,0.06,0.06,0.06,0.0,0.0,1.0,1.0,0.0,2022-23
15,1628418,Thomas Bryant,1610612743,DEN,25.0,18,11.4,4.22,3.5,0.72,0.17,0.0,0.61,1.28,0.22,0.0,0.22,1.0,0.0,0.06,0.28,0.33,0.33,0.17,0.167,0.833,1.0,0.5,2022-23
16,1628427,Vlatko Cancar,1610612743,DEN,26.0,60,14.8,2.8,1.73,1.07,0.65,0.05,0.27,0.6,0.12,0.02,0.13,0.875,0.125,0.05,0.17,0.22,0.2,0.05,0.231,0.769,0.923,0.231,2022-23
17,1630192,Zeke Nnaji,1610612743,DEN,22.0,53,13.7,3.79,2.7,1.09,0.57,0.0,1.08,2.49,0.13,0.06,0.19,0.7,0.3,0.25,0.32,0.57,0.47,0.25,0.433,0.567,0.962,0.5,2022-23
0,203932,Aaron Gordon,1610612743,DEN,26.0,75,31.7,5.32,3.47,1.85,0.91,0.01,0.71,1.73,0.41,0.25,0.67,0.62,0.38,0.13,0.39,0.52,0.44,0.32,0.256,0.744,0.943,0.686,2021-22
1,203085,Austin Rivers,1610612743,DEN,29.0,67,22.1,2.61,1.4,1.21,1.45,0.0,0.04,0.12,0.09,0.21,0.3,0.3,0.7,0.0,0.24,0.24,0.22,0.03,0.0,1.0,1.0,0.133,2021-22
3,1630538,Bones Hyland,1610612743,DEN,21.0,69,19.0,3.42,1.58,1.84,1.17,0.0,0.12,0.33,0.13,0.29,0.42,0.31,0.69,0.0,0.16,0.16,0.16,0.07,0.0,1.0,1.0,0.455,2021-22
4,1627854,Bryn Forbes,1610612743,DEN,28.0,35,17.4,1.34,0.51,0.83,0.57,0.0,0.14,0.31,0.2,0.09,0.29,0.7,0.3,0.0,0.23,0.23,0.23,0.0,0.0,1.0,1.0,0.0,2021-22
5,1630637,Carlik Jones,1610612743,DEN,24.0,2,2.0,0.5,0.5,0.0,0.5,0.0,0.0,0.0,0.0,0.0,0.0,0.0,0.0,0.0,0.0,0.0,0.0,0.0,0.0,0.0,0.0,0.0,2021-22
6,1628432,Davon Reed,1610612743,DEN,27.0,48,13.9,3.0,1.83,1.17,0.77,0.0,0.13,0.29,0.15,0.15,0.29,0.5,0.5,0.02,0.56,0.58,0.54,0.13,0.036,0.964,1.0,0.231,2021-22
7,202326,DeMarcus Cousins,1610612743,DEN,31.0,31,13.9,4.81,3.29,1.52,1.35,0.16,1.65,4.03,0.23,0.16,0.39,0.583,0.417,0.48,0.52,1.0,0.94,0.9,0.484,0.516,0.935,0.903,2021-22
8,1630267,Facundo Campazzo,1610612743,DEN,31.0,65,18.2,2.26,1.15,1.11,1.97,0.12,0.12,0.28,0.28,0.23,0.51,0.545,0.455,0.0,0.15,0.15,0.12,0.06,0.0,1.0,0.889,0.444,2021-22
9,203210,JaMychal Green,1610612743,DEN,32.0,67,16.2,3.84,2.31,1.52,1.18,0.09,1.22,3.09,0.03,0.12,0.15,0.2,0.8,0.46,0.9,1.36,1.06,0.63,0.341,0.659,0.899,0.532,2021-22
10,203516,James Ennis III,1610612743,DEN,31.0,3,4.6,0.67,0.0,0.67,0.0,0.0,0.0,0.0,0.0,0.0,0.0,0.0,0.0,0.33,0.0,0.33,0.33,0.33,1.0,0.0,1.0,1.0,2021-22
11,201145,Jeff Green,1610612743,DEN,35.0,75,24.7,6.39,3.52,2.87,0.57,0.15,0.72,1.79,0.08,0.16,0.24,0.333,0.667,0.05,0.61,0.67,0.55,0.2,0.08,0.92,0.932,0.341,2021-22
12,1630210,Markus Howard,1610612743,DEN,23.0,31,5.7,0.68,0.1,0.58,0.16,0.1,0.03,0.1,0.03,0.0,0.03,1.0,0.0,0.0,0.03,0.03,0.03,0.0,0.0,1.0,1.0,0.0,2021-22
13,1629008,Michael Porter Jr.,1610612743,DEN,24.0,9,29.5,4.44,2.22,2.22,2.56,0.0,0.44,1.0,0.22,0.11,0.33,0.667,0.333,0.22,0.0,0.22,0.22,0.22,1.0,0.0,1.0,1.0,2021-22
14,1628420,Monte Morris,1610612743,DEN,27.0,75,29.9,3.79,1.77,2.01,1.16,0.03,0.44,1.04,0.27,0.31,0.57,0.465,0.535,0.0,0.24,0.24,0.21,0.04,0.0,1.0,0.941,0.176,2021-22
15,203999,Nikola Jokic,1610612743,DEN,27.0,74,33.5,12.19,9.34,2.85,2.85,0.03,3.19,7.04,0.36,0.26,0.62,0.587,0.413,0.88,2.45,3.32,3.08,2.23,0.264,0.736,0.97,0.702,2021-22
16,1628408,PJ Dozier,1610612743,DEN,25.0,18,18.9,4.0,1.83,2.17,0.89,0.11,0.06,0.11,0.06,0.28,0.33,0.167,0.833,0.06,0.11,0.17,0.17,0.11,0.333,0.667,1.0,0.667,2021-22
17,1627822,Petr Cornelie,1610612743,DEN,26.0,13,2.9,0.85,0.46,0.38,0.15,0.0,0.46,1.15,0.0,0.08,0.08,0.0,1.0,0.15,0.23,0.38,0.38,0.15,0.4,0.6,1.0,0.4,2021-22
19,1628427,Vlatko Cancar,1610612743,DEN,25.0,15,11.8,3.0,1.8,1.2,0.2,0.0,0.2,0.6,0.07,0.13,0.2,0.333,0.667,0.0,0.07,0.07,0.07,0.0,0.0,1.0,1.0,0.0,2021-22
20,203115,Will Barton,1610612743,DEN,31.0,71,32.1,4.54,2.2,2.34,1.34,0.0,0.1,0.21,0.18,0.21,0.39,0.464,0.536,0.01,0.06,0.07,0.07,0.03,0.2,0.8,1.0,0.4,2021-22
21,1630192,Zeke Nnaji,1610612743,DEN,21.0,41,17.0,3.68,2.0,1.68,0.76,0.0,0.95,2.37,0.24,0.15,0.39,0.625,0.375,0.54,0.73,1.27,1.15,0.76,0.423,0.577,0.979,0.646,2021-22
0,203932,Aaron Gordon,1610612743,DEN,25.0,25,25.9,3.76,2.24,1.52,0.84,0.0,0.56,1.36,0.32,0.2,0.52,0.615,0.385,0.28,0.12,0.4,0.36,0.36,0.7,0.3,0.9,0.9,2020-21
1,203085,Austin Rivers,1610612743,DEN,28.0,15,26.9,3.53,1.33,2.2,1.33,0.0,0.13,0.33,0.13,0.2,0.33,0.4,0.6,0.0,0.2,0.2,0.2,0.2,0.0,1.0,1.0,1.0,2020-21
2,1629626,Bol Bol,1610612743,DEN,21.0,32,5.0,1.56,0.69,0.88,0.13,0.0,0.03,0.06,0.03,0.09,0.13,0.25,0.75,0.0,0.03,0.03,0.03,0.03,0.0,1.0,1.0,1.0,2020-21
3,1630267,Facundo Campazzo,1610612743,DEN,30.0,65,21.9,3.0,1.26,1.74,2.71,0.11,0.15,0.34,0.26,0.57,0.83,0.315,0.685,0.02,0.23,0.25,0.17,0.03,0.063,0.938,0.733,0.133,2020-21
6,204222,Greg Whittington,1610612743,DEN,28.0,4,3.0,0.0,0.0,0.0,0.0,0.0,0.5,1.0,0.0,0.0,0.0,0.0,0.0,0.0,0.5,0.5,0.5,0.0,0.0,1.0,1.0,0.0,2020-21
8,203210,JaMychal Green,1610612743,DEN,31.0,58,19.3,3.76,2.0,1.76,0.78,0.02,0.88,2.12,0.14,0.24,0.38,0.364,0.636,0.38,1.07,1.45,1.05,0.66,0.262,0.738,0.938,0.585,2020-21
9,201580,JaVale McGee,1610612743,DEN,33.0,13,13.5,4.38,3.23,1.15,0.69,0.0,2.15,5.08,0.31,0.08,0.38,0.8,0.2,0.23,1.15,1.38,1.31,0.85,0.167,0.833,1.0,0.647,2020-21
10,1627750,Jamal Murray,1610612743,DEN,24.0,48,35.5,5.65,2.35,3.29,2.27,0.08,1.27,2.79,0.52,0.52,1.04,0.5,0.5,0.0,0.27,0.27,0.23,0.08,0.0,1.0,1.0,0.364,2020-21
11,1630210,Markus Howard,1610612743,DEN,22.0,37,5.5,0.81,0.16,0.65,0.24,0.03,0.08,0.22,0.03,0.05,0.08,0.333,0.667,0.0,0.08,0.08,0.08,0.03,0.0,1.0,1.0,0.333,2020-21
12,1629008,Michael Porter Jr.,1610612743,DEN,23.0,61,31.3,6.21,3.69,2.52,1.21,0.0,0.11,0.31,0.43,0.36,0.79,0.542,0.458,0.31,0.31,0.62,0.51,0.44,0.5,0.5,0.969,0.844,2020-21
13,1628420,Monte Morris,1610612743,DEN,26.0,47,25.5,3.57,1.6,1.98,0.98,0.02,0.23,0.51,0.23,0.26,0.49,0.478,0.522,0.0,0.21,0.21,0.17,0.02,0.0,1.0,1.0,0.125,2020-21
14,203999,Nikola Jokic,1610612743,DEN,26.0,72,34.6,9.14,6.86,2.28,2.76,0.0,4.49,10.15,0.5,0.26,0.76,0.655,0.345,0.86,2.22,3.08,2.46,1.42,0.279,0.721,0.957,0.551,2020-21
15,1628408,PJ Dozier,1610612743,DEN,24.0,50,21.8,4.18,2.2,1.98,1.28,0.0,0.1,0.22,0.34,0.32,0.66,0.515,0.485,0.0,0.38,0.38,0.34,0.04,0.0,1.0,1.0,0.118,2020-21
16,200794,Paul Millsap,1610612743,DEN,36.0,56,20.8,4.66,2.77,1.89,1.84,0.09,0.98,2.32,0.41,0.23,0.64,0.639,0.361,0.38,0.75,1.13,1.0,0.68,0.333,0.667,0.982,0.667,2020-21
18,1627885,Shaquille Harrison,1610612743,DEN,27.0,17,16.3,2.59,1.0,1.59,1.88,0.0,0.12,0.24,0.35,0.12,0.47,0.75,0.25,0.0,0.12,0.12,0.12,0.0,0.0,1.0,1.0,0.0,2020-21
19,1628427,Vlatko Cancar,1610612743,DEN,24.0,41,6.9,1.56,0.66,0.9,0.29,0.0,0.12,0.29,0.02,0.1,0.12,0.2,0.8,0.05,0.29,0.34,0.22,0.1,0.143,0.857,0.9,0.4,2020-21
20,203115,Will Barton,1610612743,DEN,30.0,56,31.0,4.73,1.98,2.75,1.57,0.04,0.16,0.36,0.16,0.27,0.43,0.375,0.625,0.04,0.16,0.2,0.18,0.07,0.182,0.818,0.909,0.364,2020-21
21,1630192,Zeke Nnaji,1610612743,DEN,20.0,42,9.5,2.52,1.36,1.17,0.52,0.0,0.26,0.62,0.05,0.07,0.12,0.4,0.6,0.1,0.5,0.6,0.31,0.12,0.16,0.84,0.929,0.357,2020-21
0,1629626,Bol Bol,1610612743,DEN,20.0,7,12.4,5.14,2.71,2.43,0.71,0.0,0.29,0.86,0.14,0.14,0.29,0.5,0.5,0.0,0.57,0.57,0.14,0.0,0.0,1.0,1.0,0.0,2019-20
1,203914,Gary Harris,1610612743,DEN,25.0,56,31.8,4.52,1.57,2.95,2.61,0.05,0.25,0.61,0.34,0.7,1.04,0.328,0.672,0.0,0.5,0.5,0.36,0.05,0.0,1.0,0.87,0.13,2019-20
2,1627750,Jamal Murray,1610612743,DEN,23.0,59,32.3,6.61,2.95,3.66,2.08,0.08,0.66,1.42,0.58,0.66,1.24,0.466,0.534,0.08,0.73,0.81,0.47,0.08,0.104,0.896,0.933,0.167,2019-20
4,203924,Jerami Grant,1610612743,DEN,26.0,71,26.6,6.83,4.01,2.82,1.31,0.07,0.56,1.34,0.3,0.23,0.52,0.568,0.432,0.17,1.94,2.11,0.82,0.17,0.08,0.92,0.795,0.164,2019-20
7,1628966,Keita Bates-Diop,1610612743,DEN,24.0,7,14.0,4.71,3.71,1.0,0.57,0.0,0.43,1.14,0.0,0.14,0.14,0.0,1.0,0.0,0.29,0.29,0.0,0.0,0.0,1.0,0.0,0.0,2019-20
9,203486,Mason Plumlee,1610612743,DEN,30.0,61,17.3,6.2,4.39,1.8,1.31,0.11,2.44,5.36,0.18,0.15,0.33,0.55,0.45,0.34,1.25,1.59,0.72,0.28,0.216,0.784,0.8,0.309,2019-20
10,1629008,Michael Porter Jr.,1610612743,DEN,22.0,55,16.4,4.55,2.91,1.64,0.85,0.0,0.05,0.15,0.27,0.2,0.47,0.577,0.423,0.13,0.24,0.36,0.2,0.11,0.35,0.65,0.786,0.429,2019-20
11,1628420,Monte Morris,1610612743,DEN,25.0,73,22.4,3.0,1.55,1.45,1.22,0.05,0.3,0.63,0.3,0.29,0.59,0.512,0.488,0.0,0.49,0.49,0.23,0.03,0.0,1.0,0.654,0.077,2019-20
12,203999,Nikola Jokic,1610612743,DEN,25.0,73,32.0,8.81,6.23,2.58,2.79,0.07,4.05,9.03,0.51,0.52,1.03,0.493,0.507,0.62,3.52,4.14,2.45,1.37,0.149,0.851,0.886,0.495,2019-20
13,203943,Noah Vonleh,1610612743,DEN,24.0,7,4.3,1.14,0.57,0.57,0.0,0.0,0.71,1.86,0.14,0.0,0.14,1.0,0.0,0.14,0.29,0.43,0.29,0.29,0.333,0.667,1.0,1.0,2019-20
14,1628408,PJ Dozier,1610612743,DEN,23.0,29,14.2,2.97,1.9,1.07,0.76,0.03,0.1,0.21,0.21,0.17,0.38,0.545,0.455,0.0,0.55,0.55,0.24,0.07,0.0,1.0,0.636,0.182,2019-20
15,200794,Paul Millsap,1610612743,DEN,35.0,51,24.3,7.1,4.04,3.06,1.55,0.08,0.51,1.18,0.33,0.51,0.84,0.395,0.605,0.55,1.35,1.9,1.12,0.55,0.289,0.711,0.77,0.378,2019-20
16,1628470,Torrey Craig,1610612743,DEN,29.0,58,18.5,5.09,2.86,2.22,0.81,0.0,0.12,0.26,0.26,0.22,0.48,0.536,0.464,0.09,0.22,0.31,0.21,0.09,0.278,0.722,0.857,0.357,2019-20
17,203584,Troy Daniels,1610612743,DEN,28.0,6,12.7,2.0,0.5,1.5,0.33,0.0,0.0,0.0,0.17,0.17,0.33,0.5,0.5,0.0,0.5,0.5,0.0,0.0,0.0,1.0,0.0,0.0,2019-20
18,1629076,Tyler Cook,1610612743,DEN,22.0,2,9.6,2.5,0.5,2.0,1.5,0.0,0.5,1.5,0.0,0.0,0.0,0.0,0.0,0.0,0.5,0.5,0.0,0.0,0.0,1.0,0.0,0.0,2019-20
19,1628427,Vlatko Cancar,1610612743,DEN,23.0,14,3.2,1.14,0.5,0.64,0.29,0.0,0.43,0.93,0.21,0.0,0.21,1.0,0.0,0.14,0.0,0.14,0.14,0.14,1.0,0.0,1.0,1.0,2019-20
20,203115,Will Barton,1610612743,DEN,29.0,58,33.0,6.79,3.38,3.41,1.55,0.02,0.19,0.4,0.41,0.6,1.02,0.407,0.593,0.0,0.33,0.33,0.28,0.12,0.0,1.0,1.0,0.438,2019-20
0,1629164,Brandon Goodwin,1610612743,DEN,23.0,16,3.6,0.69,0.31,0.38,0.0,0.06,0.0,0.0,0.0,0.0,0.0,0.0,0.0,0.0,0.19,0.19,0.13,0.06,0.0,1.0,1.0,0.5,2018-19
1,1629152,DeVaughn Akoon-Purcell,1610612743,DEN,26.0,7,3.1,0.43,0.14,0.29,0.14,0.0,0.0,0.0,0.29,0.29,0.57,0.5,0.5,0.0,0.29,0.29,0.14,0.0,0.0,1.0,1.0,0.0,2018-19
2,203914,Gary Harris,1610612743,DEN,24.0,57,28.8,4.33,1.63,2.7,2.0,0.05,0.26,0.54,0.39,0.86,1.25,0.31,0.69,0.0,0.74,0.74,0.49,0.07,0.0,1.0,0.903,0.129,2018-19
3,202738,Isaiah Thomas,1610612743,DEN,30.0,12,15.1,1.92,0.83,1.08,0.83,0.0,0.08,0.25,0.17,0.33,0.5,0.333,0.667,0.0,0.0,0.0,0.0,0.0,0.0,0.0,0.0,0.0,2018-19
4,1627750,Jamal Murray,1610612743,DEN,22.0,75,32.6,6.48,3.19,3.29,1.64,0.05,0.85,1.85,0.57,0.71,1.28,0.448,0.552,0.07,0.99,1.05,0.67,0.16,0.063,0.937,0.909,0.218,2018-19
5,1629020,Jarred Vanderbilt,1610612743,DEN,20.0,17,4.1,1.76,1.18,0.59,0.41,0.0,0.24,0.53,0.12,0.06,0.18,0.667,0.333,0.0,0.12,0.12,0.0,0.0,0.0,1.0,0.0,0.0,2018-19
6,1627823,Juancho Hernangomez,1610612743,DEN,23.0,70,19.4,5.83,3.39,2.44,0.66,0.01,0.14,0.3,0.27,0.31,0.59,0.463,0.537,0.2,1.33,1.53,0.56,0.21,0.131,0.869,0.83,0.319,2018-19
7,1627736,Malik Beasley,1610612743,DEN,22.0,81,23.2,4.37,2.25,2.12,1.12,0.05,0.06,0.12,0.36,0.46,0.81,0.439,0.561,0.01,0.99,1.0,0.59,0.11,0.012,0.988,0.873,0.164,2018-19
8,203486,Mason Plumlee,1610612743,DEN,29.0,82,21.1,6.45,4.38,2.07,1.6,0.06,2.51,5.5,0.49,0.35,0.84,0.58,0.42,1.11,2.57,3.68,1.7,0.71,0.301,0.699,0.848,0.354,2018-19
9,1628420,Monte Morris,1610612743,DEN,24.0,82,24.0,4.34,1.78,2.56,1.34,0.09,0.26,0.59,0.29,0.55,0.84,0.348,0.652,0.02,0.96,0.99,0.74,0.1,0.025,0.975,0.938,0.123,2018-19
10,201156,Nick Young,1610612743,DEN,34.0,4,9.3,1.0,0.5,0.5,0.0,0.0,0.0,0.0,0.0,0.0,0.0,0.0,0.0,0.0,0.25,0.25,0.25,0.0,0.0,1.0,1.0,0.0,2018-19
11,203999,Nikola Jokic,1610612743,DEN,24.0,80,31.3,9.94,7.11,2.83,2.44,0.06,3.69,8.15,0.53,0.5,1.03,0.512,0.488,1.1,5.06,6.16,3.45,1.58,0.178,0.822,0.882,0.403,2018-19
12,200794,Paul Millsap,1610612743,DEN,34.0,70,27.1,8.6,4.76,3.84,2.11,0.06,0.89,2.09,0.46,0.5,0.96,0.478,0.522,0.84,2.84,3.69,1.76,0.77,0.229,0.771,0.911,0.4,2018-19
13,1629118,Thomas Welsh,1610612743,DEN,23.0,11,3.3,1.55,1.09,0.45,0.0,0.0,0.64,1.64,0.09,0.09,0.18,0.5,0.5,0.09,1.36,1.45,0.55,0.18,0.063,0.938,0.75,0.25,2018-19
14,1628470,Torrey Craig,1610612743,DEN,28.0,75,20.0,5.56,2.87,2.69,1.0,0.01,0.12,0.25,0.48,0.51,0.99,0.486,0.514,0.23,0.77,1.0,0.49,0.2,0.227,0.773,0.74,0.3,2018-19
15,1626168,Trey Lyles,1610612743,DEN,23.0,64,17.5,5.83,3.61,2.22,0.55,0.02,0.53,1.22,0.16,0.34,0.5,0.313,0.688,0.23,2.84,3.08,1.34,0.41,0.076,0.924,0.878,0.265,2018-19
16,1628399,Tyler Lydon,1610612743,DEN,23.0,25,3.7,0.96,0.52,0.44,0.12,0.0,0.04,0.12,0.04,0.0,0.04,1.0,0.0,0.0,0.56,0.56,0.12,0.08,0.0,1.0,1.0,0.667,2018-19
17,203115,Will Barton,1610612743,DEN,28.0,43,27.7,5.53,2.88,2.65,1.16,0.0,0.09,0.19,0.23,0.23,0.47,0.5,0.5,0.0,0.6,0.6,0.33,0.12,0.0,1.0,0.737,0.263,2018-19
0,201589,Darrell Arthur,1610612743,DEN,30.0,19,7.4,2.16,1.68,0.47,0.84,0.0,0.42,1.0,0.16,0.05,0.21,0.75,0.25,0.11,2.42,2.53,1.63,0.32,0.042,0.958,0.969,0.188,2017-18
1,2734,Devin Harris,1610612743,DEN,35.0,27,19.7,2.59,1.26,1.33,1.22,0.22,0.04,0.07,0.37,0.37,0.74,0.5,0.5,0.04,0.63,0.67,0.44,0.07,0.056,0.944,0.857,0.143,2017-18
3,203914,Gary Harris,1610612743,DEN,23.0,67,34.4,5.42,2.51,2.91,3.03,0.06,0.13,0.3,0.54,0.84,1.37,0.391,0.609,0.06,0.81,0.87,0.55,0.1,0.069,0.931,0.925,0.175,2017-18
4,1627750,Jamal Murray,1610612743,DEN,21.0,81,31.7,7.69,4.33,3.36,2.05,0.06,0.43,0.95,0.63,0.59,1.22,0.515,0.485,0.04,1.46,1.49,0.88,0.16,0.025,0.975,0.888,0.163,2017-18
5,1627823,Juancho Hernangomez,1610612743,DEN,22.0,25,11.1,3.8,2.28,1.52,0.48,0.04,0.16,0.36,0.16,0.16,0.32,0.5,0.5,0.16,0.72,0.88,0.28,0.2,0.182,0.818,0.583,0.417,2017-18
6,202702,Kenneth Faried,1610612743,DEN,28.0,32,14.4,4.66,3.22,1.44,0.69,0.16,1.06,2.41,0.16,0.16,0.31,0.5,0.5,1.81,2.56,4.38,2.28,1.0,0.414,0.586,0.869,0.381,2017-18
7,1627736,Malik Beasley,1610612743,DEN,21.0,62,9.4,1.76,1.08,0.68,0.37,0.05,0.02,0.05,0.11,0.29,0.4,0.28,0.72,0.05,0.39,0.44,0.31,0.06,0.111,0.889,0.905,0.19,2017-18
8,203486,Mason Plumlee,1610612743,DEN,28.0,74,19.5,7.23,5.74,1.49,1.72,0.09,2.05,4.77,0.28,0.45,0.73,0.389,0.611,1.76,3.62,5.38,2.65,0.93,0.327,0.673,0.82,0.289,2017-18
9,1628420,Monte Morris,1610612743,DEN,23.0,3,8.4,1.67,1.0,0.67,1.67,0.0,0.33,0.67,0.0,1.0,1.0,0.0,1.0,0.0,0.0,0.0,0.0,0.0,0.0,0.0,0.0,0.0,2017-18
10,203999,Nikola Jokic,1610612743,DEN,23.0,75,32.6,12.57,9.51,3.07,2.47,0.11,4.28,9.69,0.68,0.55,1.23,0.554,0.446,1.73,6.4,8.13,4.51,2.0,0.213,0.787,0.916,0.407,2017-18
11,200794,Paul Millsap,1610612743,DEN,33.0,38,30.1,10.63,7.16,3.47,2.18,0.24,0.79,1.82,0.47,0.87,1.34,0.353,0.647,0.79,5.29,6.08,3.24,1.08,0.13,0.87,0.904,0.301,2017-18
12,2210,Richard Jefferson,1610612743,DEN,38.0,20,8.2,2.2,1.0,1.2,0.25,0.0,0.15,0.3,0.1,0.2,0.3,0.333,0.667,0.15,0.85,1.0,0.3,0.05,0.15,0.85,0.6,0.1,2017-18
13,1628470,Torrey Craig,1610612743,DEN,27.0,39,16.1,4.74,2.82,1.92,0.44,0.0,0.05,0.1,0.13,0.28,0.41,0.313,0.688,0.13,1.51,1.64,0.95,0.33,0.078,0.922,0.902,0.317,2017-18
14,1626168,Trey Lyles,1610612743,DEN,22.0,73,19.1,6.41,4.22,2.19,0.64,0.05,0.92,2.11,0.16,0.33,0.49,0.333,0.667,0.45,3.41,3.86,1.84,0.73,0.117,0.883,0.899,0.356,2017-18
15,1628399,Tyler Lydon,1610612743,DEN,22.0,1,2.2,1.0,0.0,1.0,0.0,0.0,0.0,0.0,0.0,0.0,0.0,0.0,0.0,0.0,0.0,0.0,0.0,0.0,0.0,0.0,0.0,0.0,2017-18
16,203115,Will Barton,1610612743,DEN,27.0,81,33.1,6.14,3.42,2.72,1.78,0.0,0.06,0.16,0.47,0.53,1.0,0.469,0.531,0.04,0.72,0.75,0.37,0.09,0.049,0.951,0.789,0.184,2017-18
17,201163,Wilson Chandler,1610612743,DEN,31.0,74,31.7,6.82,3.78,3.04,0.99,0.0,0.2,0.41,0.36,0.72,1.08,0.338,0.663,0.61,1.84,2.45,1.2,0.46,0.249,0.751,0.84,0.321,2017-18
0,202087,Alonzo Gee,1610612743,DEN,30.0,13,6.9,1.54,0.85,0.69,0.62,0.0,0.0,0.0,0.0,0.0,0.23,0.0,0.0,0.0,0.0,0.0,0.0,0.0,0.0,0.0,0.0,0.0,2016-17
1,201568,Danilo Gallinari,1610612743,DEN,28.0,63,33.9,8.0,4.57,3.43,1.14,0.13,0.32,0.73,0.0,0.0,0.79,0.0,0.0,0.0,0.0,0.0,0.0,0.0,0.0,0.0,0.0,0.0,2016-17
2,201589,Darrell Arthur,1610612743,DEN,29.0,41,15.6,5.27,3.93,1.34,1.32,0.02,1.24,2.95,0.0,0.0,0.54,0.0,0.0,0.0,0.0,0.0,0.0,0.0,0.0,0.0,0.0,0.0,2016-17
3,1626144,Emmanuel Mudiay,1610612743,DEN,21.0,55,25.6,5.04,2.78,2.25,1.16,0.02,0.18,0.36,0.0,0.0,0.51,0.0,0.0,0.0,0.0,0.0,0.0,0.0,0.0,0.0,0.0,0.0,2016-17
4,203914,Gary Harris,1610612743,DEN,22.0,57,31.3,4.7,2.25,2.46,2.81,0.0,0.11,0.23,0.0,0.0,0.96,0.0,0.0,0.0,0.0,0.0,0.0,0.0,0.0,0.0,0.0,0.0,2016-17
5,1627750,Jamal Murray,1610612743,DEN,20.0,82,21.5,5.6,3.34,2.26,1.15,0.06,0.1,0.21,0.0,0.0,0.74,0.0,0.0,0.0,0.0,0.0,0.0,0.0,0.0,0.0,0.0,0.0,2016-17
6,2749,Jameer Nelson,1610612743,DEN,35.0,75,27.3,4.68,2.52,2.16,1.21,0.07,0.24,0.51,0.0,0.0,0.76,0.0,0.0,0.0,0.0,0.0,0.0,0.0,0.0,0.0,0.0,0.0,2016-17
7,203950,Jarnell Stokes,1610612743,DEN,23.0,2,3.3,1.0,1.0,0.0,0.0,0.0,1.0,2.5,0.0,0.0,0.5,0.0,0.0,0.0,0.0,0.0,0.0,0.0,0.0,0.0,0.0,0.0,2016-17
9,1627823,Juancho Hernangomez,1610612743,DEN,21.0,62,13.6,4.74,3.08,1.66,0.68,0.0,0.29,0.68,0.0,0.0,0.47,0.0,0.0,0.0,0.0,0.0,0.0,0.0,0.0,0.0,0.0,0.0,2016-17
11,202702,Kenneth Faried,1610612743,DEN,27.0,61,21.2,6.57,4.92,1.66,1.26,0.33,1.79,4.13,0.0,0.0,0.72,0.0,0.0,0.0,0.0,0.0,0.0,0.0,0.0,0.0,0.0,0.0,2016-17
12,1627736,Malik Beasley,1610612743,DEN,20.0,22,7.5,1.55,0.73,0.82,0.59,0.05,0.0,0.0,0.0,0.0,0.14,0.0,0.0,0.0,0.0,0.0,0.0,0.0,0.0,0.0,0.0,0.0,2016-17
13,203486,Mason Plumlee,1610612743,DEN,27.0,27,23.4,9.07,7.26,1.81,1.78,0.07,3.26,7.52,0.0,0.0,0.56,0.0,0.0,0.0,0.0,0.0,0.0,0.0,0.0,0.0,0.0,0.0,2016-17
14,2034,Mike Miller,1610612743,DEN,37.0,20,7.5,0.95,0.45,0.5,0.15,0.0,0.55,1.3,0.0,0.0,0.05,0.0,0.0,0.0,0.0,0.0,0.0,0.0,0.0,0.0,0.0,0.0,2016-17
15,203999,Nikola Jokic,1610612743,DEN,22.0,73,27.9,11.25,9.38,1.86,1.78,0.0,3.49,7.93,0.0,0.0,0.86,0.0,0.0,0.0,0.0,0.0,0.0,0.0,0.0,0.0,0.0,0.0,2016-17
16,201579,Roy Hibbert,1610612743,DEN,30.0,6,1.8,1.5,1.5,0.0,0.17,0.0,0.33,0.67,0.0,0.0,0.0,0.0,0.0,0.0,0.0,0.0,0.0,0.0,0.0,0.0,0.0,0.0,2016-17
17,203115,Will Barton,1610612743,DEN,26.0,60,28.4,5.5,3.37,2.13,1.6,0.0,0.07,0.15,0.0,0.0,0.63,0.0,0.0,0.0,0.0,0.0,0.0,0.0,0.0,0.0,0.0,0.0,2016-17
18,201163,Wilson Chandler,1610612743,DEN,30.0,71,30.9,8.18,4.77,3.41,1.45,0.0,0.48,1.08,0.0,0.0,0.61,0.0,0.0,0.0,0.0,0.0,0.0,0.0,0.0,0.0,0.0,0.0,2016-17
0,1626253,Axel Toupane,1610612743,DEN,23.0,21,14.5,0.0,0.0,0.0,0.0,0.0,0.0,0.0,0.0,0.0,0.0,0.0,0.0,0.0,0.0,0.0,0.0,0.0,0.0,0.0,0.0,0.0,2015-16
1,201571,D.J. Augustin,1610612743,DEN,28.0,28,23.5,0.0,0.0,0.0,0.0,0.0,0.0,0.0,0.0,0.0,0.0,0.0,0.0,0.0,0.0,0.0,0.0,0.0,0.0,0.0,0.0,0.0,2015-16
2,201568,Danilo Gallinari,1610612743,DEN,27.0,53,34.7,0.13,0.09,0.04,0.06,0.04,0.04,0.08,0.0,0.0,0.0,0.0,0.0,0.0,0.0,0.0,0.0,0.0,0.0,0.0,0.0,0.0,2015-16
3,201589,Darrell Arthur,1610612743,DEN,28.0,70,21.7,0.13,0.1,0.03,0.01,0.0,0.03,0.06,0.0,0.0,0.0,0.0,0.0,0.0,0.0,0.0,0.0,0.0,0.0,0.0,0.0,0.0,2015-16
4,1626144,Emmanuel Mudiay,1610612743,DEN,20.0,68,30.4,0.09,0.06,0.03,0.0,0.0,0.0,0.0,0.0,0.0,0.0,0.0,0.0,0.0,0.0,0.0,0.0,0.0,0.0,0.0,0.0,0.0,2015-16
5,203475,Erick Green,1610612743,DEN,25.0,3,2.5,0.0,0.0,0.0,0.0,0.0,0.0,0.0,0.0,0.0,0.0,0.0,0.0,0.0,0.0,0.0,0.0,0.0,0.0,0.0,0.0,0.0,2015-16
6,203914,Gary Harris,1610612743,DEN,21.0,76,32.1,0.08,0.07,0.01,0.0,0.0,0.0,0.0,0.0,0.0,0.0,0.0,0.0,0.0,0.0,0.0,0.0,0.0,0.0,0.0,0.0,0.0,2015-16
8,203960,JaKarr Sampson,1610612743,DEN,23.0,26,18.0,0.0,0.0,0.0,0.0,0.0,0.0,0.0,0.0,0.0,0.0,0.0,0.0,0.0,0.0,0.0,0.0,0.0,0.0,0.0,0.0,0.0,2015-16
9,2749,Jameer Nelson,1610612743,DEN,34.0,39,26.6,0.15,0.1,0.05,0.08,0.0,0.0,0.0,0.0,0.0,0.0,0.0,0.0,0.0,0.0,0.0,0.0,0.0,0.0,0.0,0.0,0.0,2015-16
10,203530,Joffrey Lauvergne,1610612743,DEN,24.0,59,17.6,0.0,0.0,0.0,0.0,0.0,0.0,0.0,0.0,0.0,0.0,0.0,0.0,0.0,0.0,0.0,0.0,0.0,0.0,0.0,0.0,0.0,2015-16
11,203994,Jusuf Nurkic,1610612743,DEN,21.0,32,17.1,0.0,0.0,0.0,0.0,0.0,0.0,0.0,0.0,0.0,0.0,0.0,0.0,0.0,0.0,0.0,0.0,0.0,0.0,0.0,0.0,0.0,2015-16
12,202702,Kenneth Faried,1610612743,DEN,26.0,67,25.3,0.06,0.06,0.0,0.0,0.0,0.04,0.09,0.0,0.0,0.0,0.0,0.0,0.0,0.0,0.0,0.0,0.0,0.0,0.0,0.0,0.0,2015-16
13,203123,Kostas Papanikolaou,1610612743,DEN,25.0,26,11.3,0.0,0.0,0.0,0.0,0.0,0.0,0.0,0.0,0.0,0.0,0.0,0.0,0.0,0.0,0.0,0.0,0.0,0.0,0.0,0.0,0.0,2015-16
14,2034,Mike Miller,1610612743,DEN,36.0,47,7.9,0.0,0.0,0.0,0.0,0.0,0.0,0.0,0.0,0.0,0.0,0.0,0.0,0.0,0.0,0.0,0.0,0.0,0.0,0.0,0.0,0.0,2015-16
15,203999,Nikola Jokic,1610612743,DEN,21.0,80,21.7,0.11,0.11,0.0,0.0,0.0,0.04,0.09,0.0,0.0,0.01,0.0,0.0,0.0,0.0,0.0,0.0,0.0,0.0,0.0,0.0,0.0,2015-16
18,203115,Will Barton,1610612743,DEN,25.0,82,28.7,0.05,0.05,0.0,0.01,0.0,0.0,0.0,0.0,0.0,0.01,0.0,0.0,0.0,0.0,0.0,0.0,0.0,0.0,0.0,0.0,0.0,2015-16
