,PLAYER_ID,PLAYER_NAME,NICKNAME,TEAM_ID,TEAM_ABBREVIATION,AGE,GP,W,L,W_PCT,MIN,FGM,FGA,FG_PCT,FG3M,FG3A,FG3_PCT,FTM,FTA,FT_PCT,OREB,DREB,REB,AST,TOV,STL,BLK,BLKA,PF,PFD,PTS,PLUS_MINUS,NBA_FANTASY_PTS,DD2,TD3,WNBA_FANTASY_PTS,GP_RANK,W_RANK,L_RANK,W_PCT_RANK,MIN_RANK,FGM_RANK,FGA_RANK,FG_PCT_RANK,FG3M_RANK,FG3A_RANK,FG3_PCT_RANK,FTM_RANK,FTA_RANK,FT_PCT_RANK,OREB_RANK,DREB_RANK,REB_RANK,AST_RANK,TOV_RANK,STL_RANK,BLK_RANK,BLKA_RANK,PF_RANK,PFD_RANK,PTS_RANK,PLUS_MINUS_RANK,NBA_FANTASY_PTS_RANK,DD2_RANK,TD3_RANK,WNBA_FANTASY_PTS_RANK,SEASON_ID
3,203932,Aaron Gordon,Aaron,1610612743,DEN,27.0,68,45,23,0.662,30.2,6.3,11.2,0.564,0.9,2.5,0.347,2.8,4.6,0.608,2.4,4.1,6.6,3.0,1.4,0.8,0.8,1.0,1.9,3.6,16.3,7.6,31.8,11,0,29.8,133,35,303,64,107,75,106,68,244,244,259,72,48,455,24,90,56,121,144,151,65,32,205,58,82,4,77,56,39,89,2022-23
47,1628971,Bruce Brown,Bruce,1610612743,DEN,26.0,80,53,27,0.663,28.5,4.5,9.3,0.483,1.1,3.2,0.358,1.5,1.9,0.758,0.8,3.3,4.1,3.4,1.5,1.1,0.6,0.5,2.4,1.5,11.5,0.4,25.1,3,1,23.6,15,6,229,63,130,135,141,197,195,202,223,177,184,280,232,155,168,109,126,61,89,165,100,216,143,203,137,130,17,144,2022-23
72,1631128,Christian Braun,Christian,1610612743,DEN,22.0,76,49,27,0.645,15.5,1.9,3.8,0.495,0.4,1.3,0.354,0.5,0.8,0.625,0.6,1.8,2.4,0.8,0.5,0.5,0.2,0.3,1.3,0.6,4.7,-1.5,10.6,0,0,9.9,55,15,229,83,329,364,371,163,356,377,236,384,353,445,281,351,348,406,428,283,316,250,363,411,378,367,379,253,39,397,2022-23
109,201599,DeAndre Jordan,DeAndre,1610612743,DEN,34.0,39,23,16,0.59,15.0,2.3,2.9,0.765,0.0,0.0,1.0,0.6,1.2,0.458,1.3,3.8,5.2,0.9,1.2,0.3,0.6,0.2,1.8,1.4,5.1,-3.1,14.1,2,0,13.0,356,281,379,127,339,312,437,6,484,517,1,372,269,499,103,108,100,381,179,411,97,418,231,235,357,461,296,155,39,311,2022-23
188,202397,Ish Smith,Ish,1610612743,DEN,34.0,43,25,18,0.581,9.3,1.2,3.0,0.397,0.0,0.3,0.167,0.0,0.1,0.5,0.1,1.1,1.3,2.3,1.0,0.2,0.2,0.1,0.8,0.3,2.5,-0.8,7.5,0,0,6.8,327,262,365,138,453,450,426,446,478,477,469,508,510,482,507,441,468,165,223,471,384,426,469,489,474,321,446,253,39,452,2022-23
198,1631298,Jack White,Jack,1610612743,DEN,25.0,17,13,4,0.765,3.9,0.5,1.1,0.421,0.2,0.5,0.333,0.1,0.2,0.667,0.4,0.6,1.0,0.2,0.1,0.2,0.1,0.1,0.5,0.1,1.2,-1.0,3.6,0,0,3.2,442,391,480,15,524,516,521,385,434,453,292,498,499,403,398,505,485,514,512,475,434,449,499,517,522,330,517,253,39,519,2022-23
217,1627750,Jamal Murray,Jamal,1610612743,DEN,26.0,65,43,22,0.662,32.8,7.3,16.0,0.454,2.6,6.6,0.398,2.8,3.3,0.833,0.7,3.2,4.0,6.2,2.2,1.0,0.2,0.5,1.6,2.8,20.0,4.6,35.5,5,1,35.2,171,53,315,65,61,57,47,272,31,40,91,74,82,144,250,164,186,29,59,77,298,129,291,85,57,28,56,105,17,52,2022-23
240,201145,Jeff Green,Jeff,1610612743,DEN,36.0,56,33,23,0.589,19.5,2.9,5.9,0.488,0.5,1.9,0.288,1.6,2.1,0.744,0.7,1.9,2.6,1.2,0.8,0.3,0.3,0.3,1.8,1.7,7.8,-3.4,13.8,0,0,13.4,253,162,303,128,258,251,263,179,338,319,393,166,166,312,269,335,326,302,295,404,249,273,243,181,249,474,300,253,39,297,2022-23
304,203484,Kentavious Caldwell-Pope,Kentavious,1610612743,DEN,30.0,76,51,25,0.671,31.3,3.8,8.3,0.462,1.8,4.2,0.423,1.4,1.6,0.824,0.5,2.3,2.7,2.4,1.1,1.5,0.5,0.1,1.9,1.9,10.8,6.5,22.4,0,0,21.6,55,10,268,55,86,172,163,248,100,131,47,191,216,165,341,276,308,158,197,17,149,448,202,155,157,7,171,253,39,169,2022-23
374,1629008,Michael Porter Jr.,Michael,1610612743,DEN,25.0,62,41,21,0.661,29.0,6.4,13.2,0.487,3.0,7.3,0.414,1.5,1.9,0.8,1.0,4.5,5.5,1.0,1.1,0.6,0.5,0.5,1.9,1.4,17.4,6.7,27.7,3,0,29.1,203,65,327,66,122,72,78,182,11,23,58,168,180,200,154,76,89,335,207,246,144,172,198,234,72,6,113,130,39,92,2022-23
399,203999,Nikola Jokic,Nikola,1610612743,DEN,28.0,69,48,21,0.696,33.7,9.4,14.8,0.632,0.8,2.2,0.383,4.9,6.0,0.822,2.4,9.4,11.8,9.8,3.6,1.3,0.7,0.7,2.5,5.7,24.5,9.3,55.7,58,29,50.9,123,16,327,36,48,16,59,34,259,288,140,22,24,169,23,2,3,4,5,36,78,73,80,14,25,1,3,2,1,4,2022-23
427,1631212,Peyton Watson,Peyton,1610612743,DEN,20.0,23,13,10,0.565,8.1,1.3,2.6,0.492,0.3,0.6,0.429,0.5,0.9,0.55,0.3,1.3,1.6,0.5,0.3,0.1,0.5,0.2,0.6,0.6,3.3,-2.0,7.3,0,0,6.7,425,391,430,161,471,441,459,172,413,445,40,399,348,474,402,421,433,475,464,505,139,389,492,421,447,417,450,253,39,455,2022-23
436,202704,Reggie Jackson,Reggie,1610612743,DEN,33.0,68,36,32,0.529,24.4,3.9,9.4,0.411,1.4,4.2,0.333,1.0,1.1,0.91,0.4,1.8,2.1,3.4,1.7,0.7,0.1,0.2,1.7,1.1,10.2,-1.2,18.5,1,0,18.7,133,126,156,219,185,170,138,419,145,128,292,241,285,47,390,351,381,106,109,195,454,331,265,283,171,347,224,192,39,207,2022-23
490,1628418,Thomas Bryant,Thomas,1610612743,DEN,25.0,59,33,26,0.559,18.3,3.9,6.3,0.623,0.4,1.0,0.441,1.6,2.1,0.738,1.5,4.3,5.7,0.5,0.6,0.3,0.5,0.6,1.7,1.7,9.8,-1.6,19.2,9,0,18.1,230,162,250,168,287,166,245,39,358,400,34,164,164,322,95,81,82,457,362,430,129,121,250,188,184,373,214,70,39,217,2022-23
521,1628427,Vlatko Cancar,Vlatko,1610612743,DEN,26.0,60,38,22,0.633,14.8,1.8,3.8,0.476,0.7,1.9,0.374,0.6,0.7,0.927,0.4,1.7,2.1,1.3,0.6,0.4,0.2,0.2,1.4,0.8,5.0,-1.1,10.7,1,0,10.3,222,95,315,93,347,374,372,215,292,315,166,344,392,37,373,356,375,277,372,372,306,420,344,363,368,342,377,192,39,377,2022-23
536,1630192,Zeke Nnaji,Zeke,1610612743,DEN,22.0,53,34,19,0.642,13.7,2.1,3.7,0.561,0.3,1.2,0.262,0.8,1.2,0.645,1.2,1.4,2.6,0.3,0.6,0.3,0.4,0.2,2.0,1.2,5.2,-1.8,10.5,1,0,10.0,277,149,346,85,375,337,377,71,402,381,423,307,281,435,118,406,324,496,381,405,162,339,181,282,351,391,380,192,39,389,2022-23
0,203932,Aaron Gordon,Aaron,1610612743,DEN,26.0,75,46,29,0.613,31.7,5.8,11.1,0.52,1.2,3.5,0.335,2.3,3.1,0.743,1.7,4.2,5.9,2.5,1.8,0.6,0.6,0.7,2.0,2.7,15.0,4.3,27.5,6,0,26.9,46,32,171,167,82,81,106,106,189,189,265,88,82,327,71,92,71,150,89,285,119,78,203,87,91,36,103,85,40,105,2021-22
30,203085,Austin Rivers,Austin,1610612743,DEN,29.0,67,41,26,0.612,22.1,2.2,5.2,0.417,1.2,3.4,0.342,0.5,0.7,0.727,0.3,1.4,1.7,1.3,0.8,0.8,0.1,0.2,1.8,0.7,6.0,0.8,11.8,0,0,11.9,132,76,228,168,232,352,318,371,187,192,240,424,437,344,483,435,463,281,304,193,482,427,250,427,341,199,383,268,40,367,2021-22
43,1630538,Bones Hyland,Bones,1610612743,DEN,21.0,69,41,28,0.594,19.0,3.3,8.3,0.403,1.9,5.2,0.366,1.6,1.8,0.856,0.2,2.5,2.7,2.8,1.2,0.6,0.3,0.6,2.2,1.3,10.1,0.6,18.9,1,0,19.3,110,76,190,191,288,217,176,421,93,94,161,166,199,111,515,278,337,130,164,281,297,131,151,254,182,212,226,194,40,202,2021-22
57,1627854,Bryn Forbes,Bryn,1610612743,DEN,28.0,75,36,39,0.48,17.1,3.1,7.2,0.429,1.6,3.9,0.414,1.1,1.2,0.908,0.1,1.1,1.2,1.0,0.7,0.3,0.1,0.4,1.3,0.8,8.8,0.3,12.3,0,0,13.5,46,131,65,340,328,243,214,345,124,161,50,266,320,42,538,492,514,353,340,436,498,255,395,379,221,242,370,268,40,331,2021-22
71,1630637,Carlik Jones,Carlik,1610612743,DEN,24.0,5,3,2,0.6,4.7,0.2,1.8,0.111,0.0,0.2,0.0,0.4,0.4,1.0,0.2,0.4,0.6,1.0,0.6,0.2,0.0,0.0,0.0,0.2,0.8,-4.0,3.0,0,0,2.8,527,500,535,175,561,571,533,575,514,531,514,453,492,1,516,568,565,353,389,503,520,537,584,548,567,522,561,268,40,563,2021-22
125,1628432,Davon Reed,Davon,1610612743,DEN,27.0,48,29,19,0.604,13.9,1.7,3.4,0.503,0.8,1.8,0.43,0.2,0.3,0.667,0.3,2.0,2.3,1.1,0.3,0.5,0.2,0.1,1.3,0.3,4.4,-0.5,10.4,0,0,9.9,303,204,348,174,399,401,443,132,274,347,29,514,513,416,475,358,389,331,494,329,389,509,389,535,408,306,408,268,40,409,2021-22
134,202326,DeMarcus Cousins,DeMarcus,1610612743,DEN,31.0,48,33,15,0.688,14.9,3.1,6.8,0.46,0.8,2.5,0.303,2.0,2.6,0.76,1.5,4.1,5.6,1.5,1.8,0.7,0.4,0.5,2.9,2.8,9.0,0.8,19.7,2,0,19.2,303,168,391,70,381,239,239,242,274,262,372,112,106,286,86,96,81,267,90,208,180,137,30,83,218,198,211,151,40,208,2021-22
183,1630267,Facundo Campazzo,Facundo,1610612743,DEN,31.0,65,38,27,0.585,18.2,1.6,4.6,0.361,0.9,3.0,0.301,0.9,1.2,0.769,0.4,1.4,1.8,3.4,1.0,1.0,0.4,0.1,1.9,1.7,5.1,-3.3,15.3,2,0,13.8,160,111,208,204,299,407,365,502,245,229,374,305,306,269,446,425,448,101,214,107,238,476,225,188,380,503,303,151,40,324,2021-22
238,203210,JaMychal Green,JaMychal,1610612743,DEN,32.0,67,36,31,0.537,16.2,2.4,4.9,0.486,0.5,1.9,0.266,1.2,1.4,0.871,1.2,3.0,4.2,0.9,0.9,0.6,0.4,0.5,2.4,1.2,6.4,-1.3,15.0,1,0,14.1,132,131,147,268,353,328,344,171,373,342,424,220,273,80,129,202,183,400,286,246,212,185,116,296,315,385,311,194,40,316,2021-22
257,203516,James Ennis III,James,1610612743,DEN,31.0,7,3,4,0.429,7.9,1.6,3.4,0.458,0.4,1.1,0.375,0.6,0.7,0.8,0.7,1.0,1.7,0.4,0.3,0.3,0.3,0.1,0.7,0.9,4.1,0.0,8.3,0,0,7.9,513,500,495,395,506,415,440,248,385,416,138,397,418,214,253,500,459,505,519,471,298,469,513,376,421,262,453,268,40,457,2021-22
281,201145,Jeff Green,Jeff,1610612743,DEN,35.0,75,44,31,0.587,24.7,3.7,7.1,0.524,0.7,2.2,0.315,2.2,2.6,0.833,0.5,2.5,3.1,1.3,0.9,0.4,0.4,0.3,2.0,2.2,10.3,0.8,17.2,1,0,16.8,46,51,147,199,184,180,220,104,303,292,334,94,102,154,323,277,292,288,252,419,234,287,189,118,175,200,261,194,40,252,2021-22
403,1630210,Markus Howard,Markus,1610612743,DEN,23.0,31,17,14,0.548,5.7,1.3,3.3,0.386,0.9,2.3,0.4,0.6,0.7,0.87,0.1,0.3,0.4,0.2,0.2,0.3,0.0,0.3,0.5,0.5,4.1,-0.4,5.5,0,0,6.2,397,338,401,248,542,463,453,469,241,290,69,373,408,84,555,576,579,556,541,468,520,338,534,461,427,287,518,268,40,498,2021-22
418,1629008,Michael Porter Jr.,Michael,1610612743,DEN,24.0,9,5,4,0.556,29.4,4.1,11.4,0.359,1.1,5.3,0.208,0.6,1.0,0.556,1.0,5.6,6.6,1.9,1.3,1.1,0.2,0.4,1.8,1.1,9.9,6.4,23.3,1,0,22.1,501,481,495,238,111,153,100,507,198,84,481,402,344,489,174,44,59,216,143,71,347,199,258,317,190,8,149,194,40,151,2021-22
427,1628420,Monte Morris,Monte,1610612743,DEN,27.0,75,44,31,0.587,29.9,5.0,10.3,0.484,1.7,4.2,0.395,1.0,1.1,0.869,0.4,2.7,3.0,4.4,1.0,0.7,0.2,0.5,1.2,1.1,12.6,3.8,24.6,0,0,23.6,46,51,147,199,100,110,127,177,119,145,81,295,328,87,439,255,301,60,210,197,391,193,405,303,124,46,129,268,40,131,2021-22
449,203999,Nikola Jokic,Nikola,1610612743,DEN,27.0,74,46,28,0.622,33.5,10.3,17.7,0.583,1.3,3.9,0.337,5.1,6.3,0.81,2.8,11.0,13.8,7.9,3.8,1.5,0.9,0.9,2.6,6.5,27.1,6.0,58.6,66,19,54.7,57,32,190,153,51,3,25,55,165,165,258,14,12,195,18,2,2,8,5,21,57,40,68,3,10,14,1,1,1,1,2021-22
462,1628408,PJ Dozier,PJ,1610612743,DEN,25.0,18,9,9,0.5,18.9,2.0,5.5,0.364,0.8,2.7,0.313,0.6,0.7,0.769,0.8,2.7,3.5,1.6,0.7,0.6,0.3,0.3,1.8,1.1,5.4,-5.0,14.1,0,0,13.2,451,437,445,306,289,365,303,495,259,249,343,402,417,269,235,242,244,247,345,267,252,346,244,328,370,551,333,268,40,338,2021-22
474,1627822,Petr Cornelie,Petr,1610612743,DEN,26.0,13,3,10,0.231,2.9,0.4,1.2,0.333,0.1,0.6,0.125,0.2,0.3,0.75,0.5,0.5,1.1,0.2,0.3,0.1,0.1,0.1,0.5,0.2,1.1,0.6,2.9,0,0,2.8,474,500,437,551,584,559,566,523,487,479,501,505,514,306,329,555,526,554,511,543,491,515,535,544,557,211,564,268,40,564,2021-22
584,1628427,Vlatko Cancar,Vlatko,1610612743,DEN,25.0,15,7,8,0.467,11.8,1.5,2.7,0.561,0.5,0.8,0.583,0.6,0.9,0.643,0.5,1.5,2.1,1.1,0.6,0.1,0.2,0.2,1.2,1.1,4.1,0.3,8.7,0,0,8.5,462,463,456,351,442,418,482,70,380,460,4,387,365,444,330,414,405,323,389,527,372,416,411,325,423,250,445,268,40,435,2021-22
591,203115,Will Barton,Will,1610612743,DEN,31.0,71,41,30,0.577,32.1,5.5,12.6,0.438,2.2,6.1,0.365,1.4,1.8,0.803,0.6,4.2,4.8,3.9,1.8,0.8,0.4,0.7,1.6,1.8,14.7,1.4,28.1,1,0,28.0,88,76,160,217,73,91,81,313,63,55,165,183,202,210,290,93,131,79,86,189,181,86,307,172,99,149,99,194,40,96,2021-22
602,1630192,Zeke Nnaji,Zeke,1610612743,DEN,21.0,41,24,17,0.585,17.0,2.3,4.5,0.516,0.9,2.0,0.463,1.0,1.6,0.631,1.4,2.2,3.6,0.4,0.6,0.4,0.3,0.5,1.9,1.3,6.6,-1.1,13.1,0,0,12.9,348,250,368,202,333,330,368,117,242,333,21,278,229,452,107,323,236,509,409,410,275,184,221,266,312,363,355,268,40,345,2021-22
0,203932,Aaron Gordon,Aaron,1610612743,DEN,25.0,50,29,21,0.58,27.7,4.6,10.0,0.463,1.2,3.5,0.335,1.9,3.0,0.651,1.5,4.1,5.7,3.2,1.9,0.7,0.7,0.6,1.8,2.7,12.4,1.2,26.1,3,1,25.1,238,158,268,167,135,134,127,216,188,181,275,114,90,422,75,106,92,106,77,228,103,124,228,79,136,139,115,115,17,117,2020-21
31,203085,Austin Rivers,Austin,1610612743,DEN,28.0,36,20,16,0.556,23.5,2.9,6.8,0.424,1.5,4.1,0.369,0.6,0.9,0.71,0.2,2.1,2.3,2.3,1.0,0.8,0.1,0.4,1.8,0.9,7.9,0.3,15.7,0,0,15.8,346,279,360,193,204,256,235,335,139,144,183,365,361,367,462,334,366,158,227,140,472,232,230,332,246,205,289,245,29,274,2020-21
43,1629626,Bol Bol,Bol,1610612743,DEN,21.0,32,21,11,0.656,5.0,0.8,1.8,0.431,0.3,0.8,0.375,0.3,0.5,0.667,0.0,0.8,0.8,0.2,0.4,0.1,0.3,0.0,0.4,0.3,2.2,-2.5,4.2,0,0,4.2,372,264,422,98,505,484,489,317,398,421,167,460,461,407,518,486,511,506,435,495,254,503,509,490,481,426,499,245,29,499,2020-21
166,1630267,Facundo Campazzo,Facundo,1610612743,DEN,30.0,65,43,22,0.662,21.9,1.8,4.8,0.381,1.2,3.3,0.352,1.2,1.4,0.879,0.3,1.7,2.1,3.6,1.1,1.2,0.2,0.1,2.0,2.0,6.1,1.2,17.1,1,0,15.8,81,33,245,92,227,371,322,447,190,192,222,214,250,75,397,377,385,87,193,39,334,459,163,137,325,139,261,178,29,273,2020-21
193,204222,Greg Whittington,Greg,1610612743,DEN,28.0,4,3,1,0.75,3.0,0.0,0.8,0.0,0.0,0.5,0.0,0.0,0.0,0.0,0.0,0.0,0.0,0.0,0.0,0.0,0.0,0.0,0.0,0.0,0.0,2.3,0.0,0,0,0.0,519,482,527,18,533,535,527,535,480,446,480,521,523,521,518,535,538,531,530,511,495,503,534,527,536,91,537,245,29,538,2020-21
214,203210,JaMychal Green,JaMychal,1610612743,DEN,31.0,58,38,20,0.655,19.3,3.0,6.4,0.463,1.4,3.4,0.399,0.8,1.0,0.807,1.5,3.3,4.8,0.9,0.9,0.4,0.4,0.5,2.5,0.8,8.1,1.7,16.8,1,0,16.8,157,65,284,101,278,249,252,217,159,186,102,309,326,202,83,175,137,357,262,343,215,180,73,370,240,118,272,178,29,246,2020-21
215,201580,JaVale McGee,JaVale,1610612743,DEN,33.0,46,21,25,0.457,14.7,3.1,6.1,0.511,0.1,0.5,0.208,1.0,1.5,0.657,1.7,3.5,5.2,0.8,1.3,0.4,1.2,0.3,2.6,1.4,7.3,-1.9,18.3,1,0,16.7,268,264,201,316,371,237,269,104,438,443,441,264,241,417,63,155,117,372,154,365,27,319,48,217,272,391,233,178,29,249,2020-21
229,1627750,Jamal Murray,Jamal,1610612743,DEN,24.0,48,31,17,0.646,35.5,7.9,16.5,0.477,2.7,6.6,0.408,2.8,3.2,0.869,0.8,3.3,4.0,4.8,2.3,1.3,0.3,0.5,2.0,3.3,21.2,6.3,35.8,1,0,36.0,251,130,346,112,11,31,38,173,33,34,73,60,77,86,207,179,187,52,50,27,288,137,177,53,35,14,51,178,29,40,2020-21
354,1630210,Markus Howard,Markus,1610612743,DEN,22.0,37,24,13,0.649,5.5,1.1,2.9,0.377,0.5,1.8,0.277,0.2,0.2,0.778,0.0,0.5,0.6,0.5,0.5,0.1,0.0,0.2,0.6,0.2,2.8,-1.9,4.2,0,0,4.6,338,223,391,109,498,451,442,452,350,335,386,495,507,254,517,514,520,452,412,492,490,382,488,518,454,387,500,245,29,485,2020-21
369,1629008,Michael Porter Jr.,Michael,1610612743,DEN,23.0,61,40,21,0.656,31.3,7.3,13.4,0.542,2.8,6.3,0.445,1.7,2.2,0.791,1.5,5.8,7.3,1.1,1.3,0.7,0.9,0.4,2.1,1.6,19.0,5.9,32.9,15,0,33.4,124,48,268,99,76,44,64,70,28,48,26,140,142,236,80,34,39,318,158,230,69,228,150,186,52,15,65,30,29,59,2020-21
379,1628420,Monte Morris,Monte,1610612743,DEN,26.0,47,30,17,0.638,25.5,4.0,8.2,0.481,1.1,2.9,0.381,1.2,1.6,0.795,0.2,1.8,2.0,3.2,0.7,0.7,0.3,0.5,1.0,1.2,10.2,3.3,19.7,0,0,18.6,256,143,346,118,174,166,181,163,205,220,156,213,229,233,455,365,388,108,334,185,284,164,417,269,180,55,211,245,29,218,2020-21
399,203999,Nikola Jokic,Nikola,1610612743,DEN,26.0,72,47,25,0.653,34.6,10.2,18.0,0.566,1.3,3.3,0.388,4.8,5.5,0.868,2.8,8.0,10.8,8.3,3.1,1.3,0.7,0.9,2.7,5.8,26.4,5.3,54.7,60,16,50.8,1,11,201,104,18,5,21,51,174,195,133,22,27,89,13,11,10,7,23,30,104,54,44,7,13,20,1,1,2,3,2020-21
411,1628408,PJ Dozier,PJ,1610612743,DEN,24.0,50,36,14,0.72,21.8,3.0,7.1,0.417,0.9,3.0,0.315,0.8,1.3,0.636,0.7,2.9,3.6,1.8,0.9,0.6,0.4,0.5,1.7,1.4,7.7,3.9,17.1,0,0,16.2,238,82,379,38,232,250,225,366,238,212,326,294,266,434,228,217,221,204,255,248,184,155,240,222,253,45,262,245,29,260,2020-21
420,200794,Paul Millsap,Paul,1610612743,DEN,36.0,56,38,18,0.679,20.8,3.4,7.2,0.476,0.9,2.6,0.343,1.3,1.8,0.724,1.4,3.3,4.7,1.8,0.9,0.9,0.6,0.5,2.0,1.7,9.0,1.8,21.0,2,0,19.4,180,65,329,75,255,205,223,179,249,246,251,206,204,348,96,174,147,217,264,116,111,182,176,181,214,110,191,146,29,204,2020-21
464,1627885,Shaquille Harrison,Shaquille,1610612743,DEN,27.0,34,27,7,0.794,9.8,0.8,2.3,0.333,0.1,0.5,0.188,0.5,0.6,0.818,0.2,1.2,1.4,0.7,0.3,0.5,0.1,0.3,1.0,0.5,2.1,-2.2,6.6,0,0,5.7,360,189,466,14,439,486,468,494,446,453,456,391,411,173,472,440,453,402,464,312,399,336,433,439,482,412,453,245,29,467,2020-21
524,1628427,Vlatko Cancar,Vlatko,1610612743,DEN,24.0,41,28,13,0.683,6.9,0.8,1.8,0.458,0.2,0.8,0.273,0.2,0.3,0.769,0.3,1.0,1.2,0.3,0.3,0.3,0.0,0.1,0.4,0.3,2.1,-2.5,4.7,0,0,4.5,310,177,391,73,479,481,492,222,410,418,390,482,489,274,437,466,470,486,454,439,477,460,508,495,486,430,494,245,29,493,2020-21
530,203115,Will Barton,Will,1610612743,DEN,30.0,56,37,19,0.661,31.0,4.6,10.9,0.426,1.8,4.6,0.381,1.7,2.2,0.785,0.7,3.3,4.0,3.2,1.7,0.9,0.4,0.6,1.7,1.7,12.7,4.1,24.6,0,0,24.3,180,73,306,93,83,132,107,331,114,121,153,145,146,246,231,172,188,104,99,124,194,105,252,168,131,40,133,245,29,128,2020-21
538,1630192,Zeke Nnaji,Zeke,1610612743,DEN,20.0,42,30,12,0.714,9.5,1.2,2.5,0.481,0.6,1.4,0.407,0.3,0.4,0.8,0.3,1.2,1.5,0.2,0.2,0.2,0.1,0.2,0.7,0.4,3.2,-2.0,6.1,0,0,6.2,303,143,405,43,446,436,457,161,325,365,76,471,483,212,398,438,438,500,514,474,440,410,477,481,436,394,464,245,29,458,2020-21
40,1629626,Bol Bol,Bol,1610612743,DEN,20.0,7,2,5,0.286,12.4,2.0,4.0,0.5,0.6,1.3,0.444,1.1,1.4,0.8,0.7,2.0,2.7,0.9,1.4,0.3,0.9,0.1,1.6,1.0,5.7,-3.0,12.3,0,0,12.1,474,480,448,460,389,337,368,105,306,369,29,221,233,195,225,312,301,370,133,415,63,412,310,320,323,437,342,239,29,328,2019-20
173,203914,Gary Harris,Gary,1610612743,DEN,25.0,56,37,19,0.661,31.8,3.9,9.3,0.42,1.3,3.8,0.333,1.3,1.6,0.815,0.5,2.4,2.9,2.1,1.1,1.4,0.3,0.5,2.1,1.5,10.4,2.2,20.8,0,0,19.9,206,91,289,88,61,164,143,338,156,135,264,189,208,166,331,263,285,151,216,30,277,157,187,221,167,92,182,239,29,181,2019-20
218,1627750,Jamal Murray,Jamal,1610612743,DEN,23.0,59,38,21,0.644,32.3,6.9,15.2,0.456,1.9,5.5,0.346,2.8,3.1,0.881,0.8,3.2,4.0,4.8,2.2,1.1,0.3,0.5,1.7,3.0,18.5,4.1,32.6,3,0,32.1,162,81,261,101,52,46,40,208,78,67,236,70,78,53,217,175,192,45,66,56,252,162,273,73,54,36,63,115,29,60,2019-20
238,203924,Jerami Grant,Jerami,1610612743,DEN,26.0,71,45,26,0.634,26.6,4.3,8.9,0.478,1.4,3.5,0.389,2.1,2.8,0.75,0.8,2.7,3.5,1.2,0.9,0.7,0.8,0.5,2.2,2.6,12.0,-1.2,21.7,0,0,21.1,21,29,192,107,147,145,152,149,136,148,93,108,107,277,205,242,237,289,276,202,68,170,170,95,130,337,166,239,29,168,2019-20
290,1628966,Keita Bates-Diop,Keita,1610612743,DEN,24.0,44,10,34,0.227,16.9,2.3,5.3,0.427,0.8,2.3,0.33,1.2,1.7,0.72,0.6,2.3,2.9,0.7,0.4,0.4,0.5,0.4,1.0,1.2,6.5,-3.9,13.6,0,0,12.8,291,372,98,496,309,303,290,311,262,263,290,204,204,334,277,280,286,406,452,334,122,178,432,285,285,481,307,239,29,310,2019-20
356,203486,Mason Plumlee,Mason,1610612743,DEN,30.0,61,38,23,0.623,17.3,2.9,4.7,0.615,0.0,0.1,0.0,1.4,2.5,0.535,1.6,3.6,5.2,2.5,1.3,0.5,0.6,0.4,2.3,2.4,7.2,-0.9,19.3,2,0,17.2,140,81,232,126,306,241,323,38,463,487,463,187,121,456,67,143,107,126,157,275,95,225,116,117,261,313,201,142,29,226,2019-20
370,1629008,Michael Porter Jr.,Michael,1610612743,DEN,22.0,55,36,19,0.655,16.4,3.5,7.0,0.509,1.1,2.7,0.422,1.1,1.3,0.833,1.2,3.5,4.7,0.8,0.9,0.5,0.5,0.5,1.8,1.1,9.3,0.4,18.2,9,0,17.9,220,99,289,96,318,184,211,97,178,222,41,233,260,126,114,154,135,374,274,299,160,154,248,306,193,199,224,57,29,216,2019-20
379,1628420,Monte Morris,Monte,1610612743,DEN,25.0,73,46,27,0.63,22.4,3.6,7.8,0.459,0.9,2.4,0.378,1.0,1.2,0.843,0.3,1.5,1.9,3.5,0.7,0.8,0.2,0.4,1.0,1.2,9.0,0.7,18.8,0,0,17.3,2,21,177,111,211,182,188,202,235,262,127,250,280,113,399,392,403,80,338,184,300,210,419,279,203,177,215,239,29,225,2019-20
395,203999,Nikola Jokic,Nikola,1610612743,DEN,25.0,73,46,27,0.63,32.0,7.7,14.7,0.528,1.1,3.5,0.314,3.4,4.1,0.817,2.3,7.5,9.7,7.0,3.1,1.2,0.6,0.4,3.0,5.0,19.9,3.5,44.4,43,13,41.3,2,21,177,111,58,29,51,82,187,156,320,48,51,163,30,17,19,14,18,48,101,177,34,21,37,55,15,7,2,16,2019-20
397,203943,Noah Vonleh,Noah,1610612743,DEN,24.0,36,13,23,0.361,10.5,1.4,2.6,0.565,0.1,0.4,0.2,0.7,0.9,0.781,1.0,2.4,3.4,0.8,0.6,0.3,0.2,0.3,1.1,0.9,3.7,-1.5,9.8,0,0,8.9,332,347,232,379,430,398,446,61,436,449,429,338,346,229,145,267,240,390,388,407,358,304,403,342,403,361,385,239,29,398,2019-20
406,1628408,PJ Dozier,PJ,1610612743,DEN,23.0,29,18,11,0.621,14.2,2.2,5.4,0.414,0.6,1.7,0.347,0.7,1.0,0.724,0.3,1.6,1.9,2.2,0.9,0.5,0.2,0.3,1.6,1.1,5.8,-2.3,12.5,0,0,11.8,363,282,390,129,358,307,285,357,304,324,229,325,319,325,382,390,396,145,261,304,322,276,317,307,316,400,338,239,29,339,2019-20
414,200794,Paul Millsap,Paul,1610612743,DEN,35.0,51,30,21,0.588,24.3,4.1,8.6,0.482,1.1,2.4,0.435,2.3,2.8,0.816,1.9,3.8,5.7,1.6,1.4,0.9,0.6,0.7,2.9,2.4,11.6,4.4,23.9,5,0,22.9,249,152,261,171,185,152,158,140,193,251,30,95,106,165,48,122,85,220,148,128,106,86,39,111,139,30,136,92,29,139,2019-20
487,1628470,Torrey Craig,Torrey,1610612743,DEN,29.0,58,38,20,0.655,18.5,2.1,4.6,0.461,0.8,2.4,0.326,0.4,0.6,0.611,1.1,2.2,3.3,0.8,0.4,0.4,0.6,0.2,2.3,0.7,5.4,-3.0,13.2,2,0,12.3,173,81,275,92,276,322,327,198,261,259,297,431,410,425,134,296,262,381,437,353,96,390,119,392,336,437,321,142,29,326,2019-20
496,203584,Troy Daniels,Troy,1610612743,DEN,28.0,47,34,13,0.723,11.3,1.5,4.0,0.387,1.0,2.8,0.348,0.2,0.3,0.625,0.3,0.9,1.1,0.4,0.3,0.2,0.1,0.1,0.8,0.3,4.3,0.1,6.8,0,0,7.3,273,109,363,55,406,393,371,431,216,215,224,477,475,417,431,466,471,481,485,440,463,456,458,485,391,224,448,239,29,436,2019-20
498,1629076,Tyler Cook,Tyler,1610612743,DEN,22.0,13,3,10,0.231,4.2,0.6,0.9,0.667,0.0,0.0,0.0,0.5,0.6,0.875,0.5,0.6,1.1,0.1,0.2,0.2,0.0,0.0,0.4,0.4,1.8,-1.3,3.6,0,0,3.4,431,462,400,494,510,491,519,15,463,503,463,384,411,56,334,491,473,514,490,443,480,479,511,465,490,345,498,239,29,500,2019-20
510,1628427,Vlatko Cancar,Vlatko,1610612743,DEN,23.0,14,7,7,0.5,3.2,0.4,1.1,0.4,0.1,0.4,0.167,0.3,0.3,1.0,0.4,0.4,0.7,0.2,0.2,0.1,0.1,0.1,0.5,0.1,1.2,-0.6,2.6,0,0,2.5,427,414,428,217,520,511,513,399,439,447,445,453,485,1,378,512,500,502,494,494,452,464,489,508,508,281,517,239,29,516,2019-20
516,203115,Will Barton,Will,1610612743,DEN,29.0,58,38,20,0.655,33.0,5.7,12.7,0.45,1.9,5.0,0.375,1.8,2.3,0.767,1.3,5.0,6.3,3.7,1.5,1.1,0.5,0.8,2.1,1.9,15.1,4.2,31.2,7,0,30.0,173,81,275,92,39,81,77,230,81,81,134,130,135,255,99,64,63,75,120,76,134,70,183,147,87,33,68,79,29,75,2019-20
46,1629164,Brandon Goodwin,Brandon,1610612743,DEN,23.0,16,10,6,0.625,3.6,0.4,1.4,0.261,0.1,0.4,0.333,0.6,0.7,0.818,0.1,0.1,0.2,0.9,0.2,0.0,0.0,0.0,0.4,0.6,1.4,0.8,2.8,0,0,2.6,438,400,447,126,518,510,500,506,418,446,248,375,401,133,504,519,520,363,492,505,473,493,495,407,502,167,512,261,38,514,2018-19
111,1629152,DeVaughn Akoon-Purcell,DeVaughn,1610612743,DEN,26.0,7,7,0,1.0,3.1,0.4,1.4,0.3,0.0,0.6,0.0,0.1,0.3,0.5,0.1,0.4,0.6,0.9,0.3,0.3,0.0,0.1,0.6,0.1,1.0,0.1,3.5,0,0,3.0,477,433,523,1,520,506,501,499,454,425,454,489,481,471,475,503,504,367,469,415,473,422,483,507,509,212,502,261,38,505,2018-19
172,203914,Gary Harris,Gary,1610612743,DEN,24.0,57,38,19,0.667,28.8,4.7,11.2,0.424,1.4,4.2,0.339,2.0,2.5,0.799,0.7,2.1,2.8,2.2,1.2,1.0,0.3,0.7,2.0,2.1,12.9,4.0,22.3,0,0,22.0,259,132,337,78,97,117,96,314,116,103,234,109,123,177,232,310,295,157,184,95,231,80,209,135,112,40,163,261,38,147,2018-19
203,202738,Isaiah Thomas,Isaiah,1610612743,DEN,30.0,12,6,6,0.5,15.1,2.8,8.3,0.343,1.0,3.6,0.279,1.4,2.3,0.63,0.4,0.7,1.1,1.9,1.5,0.4,0.1,0.7,1.4,1.9,8.1,-1.8,12.3,0,0,13.1,454,450,447,251,338,240,171,470,187,140,378,183,146,420,348,480,469,185,119,333,434,98,354,162,226,388,336,261,38,305,2018-19
223,1627750,Jamal Murray,Jamal,1610612743,DEN,22.0,75,49,26,0.653,32.6,6.8,15.6,0.437,2.0,5.5,0.367,2.5,3.0,0.848,0.9,3.4,4.2,4.8,2.1,0.9,0.4,0.7,2.0,2.7,18.2,3.3,32.2,4,0,31.8,98,30,261,99,44,44,33,271,50,51,134,73,89,76,181,152,158,41,57,113,216,94,189,85,45,56,62,111,38,53,2018-19
233,1629020,Jarred Vanderbilt,Jarred,1610612743,DEN,20.0,17,10,7,0.588,4.1,0.5,1.1,0.474,0.0,0.1,0.0,0.4,0.6,0.6,0.4,0.9,1.4,0.2,0.5,0.4,0.1,0.2,0.5,0.4,1.4,0.6,4.1,0,0,3.8,435,400,439,169,512,500,513,170,454,484,454,439,423,439,351,463,450,503,420,374,449,395,492,464,503,181,491,261,38,497,2018-19
283,1627823,Juancho Hernangomez,Juancho,1610612743,DEN,23.0,70,44,26,0.629,19.4,2.0,4.5,0.439,0.9,2.6,0.365,0.9,1.2,0.767,0.9,2.9,3.8,0.8,0.5,0.4,0.3,0.2,1.3,1.1,5.8,0.5,13.2,4,0,12.8,148,77,261,121,259,350,342,264,207,226,146,270,276,233,166,213,204,385,398,356,229,360,368,307,324,186,314,111,38,310,2018-19
343,1627736,Malik Beasley,Malik,1610612743,DEN,22.0,81,53,28,0.654,23.2,4.3,9.1,0.474,2.0,5.0,0.402,0.7,0.8,0.848,0.4,2.0,2.5,1.2,0.7,0.7,0.1,0.4,1.4,0.8,11.3,1.7,17.8,0,0,18.6,22,13,220,97,199,132,146,171,53,68,54,346,371,74,342,319,331,288,335,195,396,205,349,360,139,113,221,261,38,193,2018-19
358,203486,Mason Plumlee,Mason,1610612743,DEN,29.0,82,54,28,0.659,21.1,3.2,5.4,0.593,0.0,0.1,0.2,1.4,2.4,0.561,2.0,4.4,6.4,3.0,1.5,0.8,0.9,0.4,3.1,2.5,7.8,0.9,23.5,9,0,20.6,1,10,220,91,229,206,294,33,445,473,423,186,130,463,46,83,67,106,112,147,46,206,26,98,235,158,141,78,38,170,2018-19
377,1628420,Monte Morris,Monte,1610612743,DEN,24.0,82,54,28,0.659,24.0,4.2,8.6,0.493,1.1,2.8,0.414,0.8,1.0,0.802,0.4,1.9,2.4,3.6,0.6,0.9,0.0,0.5,1.2,1.2,10.4,2.2,20.8,1,0,19.4,1,10,220,91,184,139,161,128,155,196,43,312,333,165,344,332,343,79,354,115,459,175,387,257,165,84,177,189,38,187,2018-19
385,201156,Nick Young,Nick,1610612743,DEN,34.0,4,3,1,0.75,9.3,0.8,2.3,0.333,0.8,2.0,0.375,0.0,0.0,0.0,0.0,0.3,0.3,0.5,0.5,0.0,0.3,0.0,1.0,0.0,2.3,-1.3,3.6,0,0,4.3,493,472,493,29,445,486,474,478,264,288,110,497,504,497,505,515,519,455,405,505,284,493,418,513,476,327,501,261,38,483,2018-19
388,203999,Nikola Jokic,Nikola,1610612743,DEN,24.0,80,53,27,0.663,31.3,7.7,15.1,0.511,1.0,3.4,0.307,3.6,4.4,0.821,2.9,8.0,10.8,7.3,3.1,1.4,0.7,0.8,2.9,5.2,20.1,3.9,46.9,56,12,43.2,42,13,240,87,66,28,40,95,183,153,341,36,40,128,16,12,13,14,16,34,86,58,40,17,32,44,9,6,2,13,2018-19
408,200794,Paul Millsap,Paul,1610612743,DEN,34.0,70,49,21,0.7,27.1,4.6,9.5,0.484,0.8,2.3,0.365,2.6,3.6,0.727,2.2,5.0,7.2,2.0,1.4,1.2,0.8,0.7,2.6,3.2,12.6,4.9,28.8,14,0,26.6,148,30,315,58,137,122,134,146,244,255,144,71,62,304,39,60,53,174,145,55,67,82,71,59,117,24,84,50,38,98,2018-19
472,1629118,Thomas Welsh,Thomas,1610612743,DEN,23.0,11,8,3,0.727,3.3,0.6,1.2,0.538,0.3,0.6,0.429,0.1,0.2,0.5,0.0,0.4,0.4,0.5,0.1,0.0,0.0,0.0,0.3,0.2,1.6,0.2,2.7,0,0,2.7,458,424,473,42,519,494,509,65,386,421,32,495,495,471,505,507,516,465,503,505,473,493,506,504,498,208,514,261,38,512,2018-19
482,1628470,Torrey Craig,Torrey,1610612743,DEN,28.0,75,50,25,0.667,20.0,2.1,4.8,0.442,0.8,2.5,0.324,0.7,0.9,0.7,1.2,2.3,3.5,1.0,0.6,0.5,0.6,0.2,2.3,0.8,5.7,1.0,14.1,2,0,13.2,98,25,270,78,249,328,327,255,247,236,289,355,346,345,116,271,229,350,370,297,103,374,122,368,330,148,296,159,38,297,2018-19
488,1626168,Trey Lyles,Trey,1610612743,DEN,23.0,64,42,22,0.656,17.5,3.2,7.7,0.418,0.8,3.1,0.255,1.3,1.8,0.698,0.7,3.2,3.8,1.4,1.1,0.5,0.4,0.4,1.5,1.5,8.5,0.1,16.6,0,0,16.2,201,95,302,95,299,200,185,340,255,170,400,196,191,351,241,177,195,255,206,308,218,228,342,216,212,221,244,261,38,233,2018-19
498,1628399,Tyler Lydon,Tyler,1610612743,DEN,23.0,25,20,5,0.8,3.7,0.4,0.7,0.5,0.2,0.4,0.4,0.0,0.1,0.333,0.3,0.4,0.7,0.2,0.2,0.1,0.0,0.1,0.4,0.1,0.9,-0.4,2.2,0,0,2.2,403,294,456,18,515,512,524,107,408,443,61,496,500,494,408,502,496,498,496,495,473,444,499,509,516,262,518,261,38,518,2018-19
517,203115,Will Barton,Will,1610612743,DEN,28.0,43,27,16,0.628,27.7,4.3,10.7,0.402,1.6,4.6,0.342,1.3,1.7,0.77,0.7,3.9,4.6,2.9,1.5,0.4,0.5,0.5,1.9,1.4,11.5,0.2,22.6,1,0,22.4,331,229,368,122,118,133,108,398,100,92,225,189,200,229,220,115,139,112,118,332,130,179,227,227,136,210,156,189,38,143,2018-19
100,201589,Darrell Arthur,Darrell,1610612743,DEN,30.0,19,12,7,0.632,7.4,1.2,2.5,0.468,0.4,1.2,0.348,0.1,0.2,0.667,0.2,0.6,0.8,0.5,0.8,0.4,0.2,0.1,1.2,0.2,2.8,-1.7,5.4,0,0,5.7,415,372,441,100,469,428,440,190,318,331,224,487,491,369,464,491,494,447,304,332,363,441,397,503,443,383,462,228,32,455,2017-18
128,2734,Devin Harris,Devin,1610612743,DEN,35.0,71,33,38,0.465,18.9,2.6,6.4,0.412,1.1,3.2,0.348,2.0,2.4,0.835,0.2,1.6,1.8,2.1,1.1,0.7,0.2,0.3,2.2,2.4,8.4,1.5,15.2,0,0,15.1,163,183,99,310,274,262,240,365,165,159,223,100,125,112,459,369,400,159,229,210,353,289,116,104,212,128,266,228,32,250,2017-18
167,203914,Gary Harris,Gary,1610612743,DEN,23.0,67,37,30,0.552,34.4,6.6,13.6,0.485,2.3,5.9,0.396,2.0,2.4,0.827,0.6,2.1,2.6,2.9,1.8,1.8,0.2,0.6,1.8,2.2,17.5,2.6,29.3,0,0,29.4,199,147,203,223,18,40,52,152,29,33,88,100,124,132,266,296,293,109,96,8,297,113,238,127,46,79,69,228,32,60,2017-18
213,1627750,Jamal Murray,Jamal,1610612743,DEN,21.0,81,46,35,0.568,31.7,5.9,13.1,0.451,2.0,5.4,0.378,2.8,3.1,0.905,1.0,2.7,3.7,3.4,2.1,1.0,0.3,0.7,2.1,2.5,16.7,2.8,28.0,1,0,28.4,27,67,130,200,63,59,58,237,50,53,128,54,73,29,142,220,197,81,62,113,208,92,130,96,52,72,82,177,32,72,2017-18
280,1627823,Juancho Hernangomez,Juancho,1610612743,DEN,22.0,25,15,10,0.6,11.1,1.2,3.0,0.387,0.6,2.0,0.28,0.4,0.5,0.833,0.7,1.4,2.2,0.5,0.4,0.2,0.1,0.2,1.0,0.5,3.3,-1.0,7.3,0,0,7.2,384,350,408,134,421,427,417,428,277,255,360,421,444,115,209,395,354,446,448,427,393,406,420,439,424,317,429,228,32,427,2017-18
297,202702,Kenneth Faried,Kenneth,1610612743,DEN,28.0,32,16,16,0.5,14.4,2.4,4.6,0.514,0.0,0.0,0.0,1.1,1.6,0.706,2.1,2.7,4.8,0.6,0.7,0.4,0.4,0.3,1.6,1.7,5.9,-1.3,14.1,3,0,12.8,361,338,356,268,358,295,328,99,445,479,445,226,211,335,32,219,114,429,337,356,180,286,295,194,306,351,282,121,32,303,2017-18
341,1627736,Malik Beasley,Malik,1610612743,DEN,21.0,62,34,28,0.548,9.4,1.2,2.9,0.41,0.5,1.3,0.341,0.4,0.5,0.667,0.2,0.9,1.1,0.5,0.4,0.2,0.1,0.2,0.6,0.5,3.2,-0.4,6.0,0,0,6.0,234,173,228,225,440,425,426,374,309,318,243,440,429,369,436,464,456,440,439,425,397,376,485,441,428,273,455,228,32,446,2017-18
363,203486,Mason Plumlee,Mason,1610612743,DEN,28.0,74,40,34,0.541,19.5,3.0,5.0,0.601,0.0,0.0,0.0,1.1,2.4,0.458,1.8,3.6,5.4,1.9,1.4,0.7,1.1,0.4,2.5,2.1,7.1,-0.7,20.3,3,0,17.9,115,120,148,234,263,232,311,26,445,488,445,229,123,485,50,123,84,185,150,209,32,241,72,132,257,293,172,121,32,199,2017-18
382,1628420,Monte Morris,Monte,1610612743,DEN,23.0,3,2,1,0.667,8.4,1.3,2.0,0.667,0.0,0.3,0.0,0.7,0.7,1.0,0.0,0.7,0.7,2.3,0.3,1.0,0.0,0.0,0.3,0.7,3.3,-2.3,10.3,0,0,8.3,506,481,502,72,458,415,459,10,445,435,445,327,394,1,500,484,504,144,456,96,473,485,508,408,420,421,372,228,32,409,2017-18
397,203999,Nikola Jokic,Nikola,1610612743,DEN,23.0,75,43,32,0.573,32.6,6.7,13.5,0.499,1.5,3.7,0.396,3.5,4.2,0.85,2.6,8.1,10.7,6.1,2.8,1.2,0.8,0.6,2.8,5.1,18.5,4.7,43.7,38,10,40.8,104,90,184,184,49,38,54,128,109,127,87,37,41,90,13,10,12,17,24,52,64,127,33,14,37,28,12,11,4,13,2017-18
418,200794,Paul Millsap,Paul,1610612743,DEN,33.0,38,22,16,0.579,30.1,5.3,11.4,0.464,1.0,3.0,0.345,2.9,4.2,0.696,1.7,4.7,6.4,2.8,1.9,1.0,1.2,0.6,2.6,3.7,14.6,2.7,31.1,2,0,29.2,341,274,356,178,88,83,81,202,177,174,237,48,38,350,56,60,57,118,74,92,27,116,52,40,74,77,57,151,32,61,2017-18
432,2210,Richard Jefferson,Richard,1610612743,DEN,38.0,20,10,10,0.5,8.2,0.6,1.4,0.444,0.1,0.4,0.286,0.2,0.4,0.571,0.1,0.8,0.9,0.8,0.3,0.1,0.1,0.1,0.6,0.4,1.5,-2.1,3.8,0,0,3.5,408,390,408,268,461,489,492,259,414,434,352,467,465,445,483,478,485,374,485,485,455,477,488,471,492,408,488,228,32,492,2017-18
492,1628470,Torrey Craig,Torrey,1610612743,DEN,27.0,39,22,17,0.564,16.1,1.6,3.5,0.453,0.4,1.5,0.293,0.6,0.9,0.629,1.0,2.2,3.3,0.6,0.5,0.3,0.4,0.4,1.6,0.8,4.2,-1.6,10.6,0,0,9.9,336,274,344,206,324,383,392,232,314,302,338,368,338,416,138,273,225,402,394,394,189,247,286,362,385,374,364,228,32,369,2017-18
498,1626168,Trey Lyles,Trey,1610612743,DEN,22.0,73,41,32,0.562,19.1,3.7,7.5,0.491,1.1,3.0,0.381,1.4,2.0,0.706,0.8,4.0,4.8,1.2,0.8,0.4,0.5,0.3,1.5,1.7,9.9,0.1,19.3,6,0,18.8,134,109,184,209,269,172,195,142,159,173,117,180,171,334,195,97,116,269,293,339,142,258,315,184,175,227,186,81,32,185,2017-18
507,1628399,Tyler Lydon,Tyler,1610612743,DEN,22.0,1,1,0,1.0,2.2,0.0,0.0,0.0,0.0,0.0,0.0,0.0,0.0,0.0,0.0,0.0,0.0,0.0,0.0,0.0,0.0,0.0,0.0,0.0,0.0,-6.0,0.0,0,0,0.0,524,499,531,1,531,529,538,529,445,492,445,501,502,501,500,525,528,510,518,500,473,485,523,516,530,521,537,228,32,537,2017-18
526,203115,Will Barton,Will,1610612743,DEN,27.0,81,46,35,0.568,33.1,5.7,12.7,0.452,1.9,5.2,0.37,2.2,2.8,0.805,0.9,4.2,5.0,4.1,1.8,1.0,0.6,0.9,2.1,2.4,15.7,1.5,31.0,2,0,30.0,27,67,130,200,40,67,63,234,60,56,155,81,91,172,168,91,104,57,85,95,94,44,143,110,62,122,58,151,32,53,2017-18
530,201163,Wilson Chandler,Wilson,1610612743,DEN,31.0,74,41,33,0.554,31.7,3.8,8.5,0.445,1.2,3.3,0.358,1.2,1.5,0.772,1.4,4.0,5.4,2.1,1.2,0.6,0.5,0.3,2.1,1.4,10.0,0.8,21.7,4,0,20.9,115,109,166,218,61,166,163,257,153,152,200,216,219,232,83,97,88,158,184,254,123,276,138,236,172,166,163,105,32,161,2017-18
16,202087,Alonzo Gee,Alonzo,1610612743,DEN,30.0,13,4,9,0.308,6.9,0.2,1.1,0.214,0.0,0.2,0.0,0.4,0.7,0.556,0.3,0.8,1.2,0.5,0.3,0.4,0.1,0.2,1.1,0.5,0.8,-1.4,4.0,0,0,3.4,437,440,419,422,453,477,473,474,401,392,401,411,383,431,367,437,427,419,439,345,408,387,382,421,475,316,463,222,24,467,2016-17
92,201568,Danilo Gallinari,Danilo,1610612743,DEN,28.0,63,31,32,0.492,33.9,5.3,11.9,0.447,2.0,5.1,0.389,5.5,6.1,0.902,0.6,4.5,5.2,2.1,1.3,0.6,0.2,0.4,1.5,4.6,18.2,2.5,28.9,4,0,29.2,239,196,183,239,34,74,69,224,35,42,81,13,18,25,241,68,100,141,152,205,267,180,300,21,40,58,68,108,24,59,2016-17
98,201589,Darrell Arthur,Darrell,1610612743,DEN,29.0,41,20,21,0.488,15.6,2.3,5.2,0.442,1.3,2.9,0.453,0.5,0.5,0.864,0.6,2.1,2.7,1.0,0.9,0.5,0.5,0.1,1.9,0.5,6.4,-0.6,13.3,0,0,13.4,338,307,305,242,318,276,274,244,108,148,15,385,406,62,244,280,273,281,257,293,111,410,196,406,263,253,279,222,24,264,2016-17
142,1626144,Emmanuel Mudiay,Emmanuel,1610612743,DEN,21.0,55,25,30,0.455,25.6,3.8,10.0,0.377,1.0,3.2,0.315,2.4,3.0,0.784,0.5,2.7,3.2,3.9,2.2,0.7,0.2,0.8,1.7,2.2,11.0,-2.4,21.5,1,0,21.1,283,266,210,275,151,147,104,403,147,133,277,74,77,194,268,200,217,54,47,155,268,41,232,111,121,389,146,168,24,134,2016-17
152,203914,Gary Harris,Gary,1610612743,DEN,22.0,57,29,28,0.509,31.3,5.6,11.2,0.502,1.9,4.5,0.42,1.8,2.4,0.776,0.8,2.3,3.1,2.9,1.3,1.2,0.1,0.6,1.6,1.7,14.9,1.4,25.8,0,0,25.6,272,215,238,204,69,62,82,99,48,67,29,117,126,212,181,262,228,87,141,40,342,91,258,176,63,106,98,222,24,85,2016-17
191,1627750,Jamal Murray,Jamal,1610612743,DEN,20.0,82,40,42,0.488,21.5,3.6,8.9,0.404,1.4,4.2,0.334,1.3,1.5,0.883,0.5,2.1,2.6,2.1,1.4,0.6,0.3,0.4,1.5,1.3,9.9,0.9,17.5,1,0,17.8,1,92,75,242,209,161,131,346,98,82,224,187,226,42,273,282,283,148,133,208,233,198,286,231,153,126,207,168,24,186,2016-17
192,2749,Jameer Nelson,Jameer,1610612743,DEN,35.0,75,34,41,0.453,27.3,3.6,8.1,0.444,1.4,3.6,0.388,0.6,0.8,0.714,0.4,2.2,2.6,5.1,1.7,0.7,0.1,0.3,2.6,1.0,9.2,1.7,20.7,4,0,19.9,111,164,86,279,120,163,159,236,95,104,83,341,342,312,333,274,290,31,89,167,377,278,51,282,172,95,154,108,24,154,2016-17
203,203950,Jarnell Stokes,Jarnell,1610612743,DEN,23.0,2,0,2,0.0,3.3,0.5,0.5,1.0,0.0,0.0,0.0,0.5,1.0,0.5,0.5,0.5,1.0,1.0,0.0,0.5,0.0,0.0,1.5,0.5,1.5,0.0,5.7,0,0,4.5,477,479,462,479,478,461,483,1,401,451,401,369,300,443,273,465,440,285,473,265,447,455,289,411,461,196,433,222,24,448,2016-17
249,1627823,Juancho Hernangomez,Juancho,1610612743,DEN,21.0,62,30,32,0.484,13.6,1.6,3.6,0.451,0.7,1.8,0.407,0.9,1.2,0.75,0.7,2.3,3.0,0.5,0.5,0.5,0.2,0.2,1.0,1.0,4.9,-0.5,10.8,1,0,10.5,244,209,183,246,353,354,366,212,198,235,49,257,263,260,214,252,241,417,383,282,300,359,388,280,332,252,341,168,24,331,2016-17
264,202702,Kenneth Faried,Kenneth,1610612743,DEN,27.0,61,29,32,0.475,21.2,3.7,6.8,0.548,0.0,0.1,0.0,2.1,3.1,0.693,3.0,4.6,7.6,0.9,1.0,0.7,0.7,0.7,2.0,2.6,9.6,-1.0,23.2,11,0,20.8,253,215,183,253,215,149,196,44,401,411,401,85,76,340,12,66,34,321,224,174,86,70,154,76,157,285,122,48,24,138,2016-17
303,1627736,Malik Beasley,Malik,1610612743,DEN,20.0,22,12,10,0.545,7.5,1.5,3.3,0.452,0.4,1.3,0.321,0.4,0.5,0.8,0.2,0.5,0.8,0.5,0.4,0.3,0.0,0.3,0.5,0.4,3.8,2.6,6.0,0,0,6.1,403,383,409,156,446,367,382,207,289,300,259,416,425,167,406,463,460,400,423,366,447,293,458,430,376,54,426,222,24,421,2016-17
320,203486,Mason Plumlee,Mason,1610612743,DEN,27.0,81,38,43,0.469,26.5,4.1,7.7,0.536,0.0,0.1,0.0,2.1,3.7,0.58,2.1,5.4,7.5,3.5,1.7,0.9,1.1,0.6,2.8,3.1,10.4,0.0,28.9,19,0,25.3,18,120,69,260,130,126,168,55,401,415,401,84,57,424,32,40,35,65,94,123,29,83,28,56,137,199,67,23,24,88,2016-17
333,2034,Mike Miller,Mike,1610612743,DEN,37.0,20,9,11,0.45,7.5,0.5,1.2,0.391,0.4,1.0,0.4,0.1,0.1,1.0,0.1,1.8,1.9,1.1,0.7,0.1,0.0,0.0,0.5,0.1,1.4,-0.3,5.0,0,0,5.0,410,401,402,283,444,466,470,383,291,320,59,461,468,1,455,319,365,266,333,455,447,455,459,477,464,223,444,222,24,436,2016-17
352,203999,Nikola Jokic,Nikola,1610612743,DEN,22.0,73,37,36,0.507,27.9,6.8,11.7,0.578,0.6,1.9,0.324,2.6,3.1,0.825,2.9,6.9,9.8,4.9,2.3,0.8,0.8,0.7,2.9,3.2,16.7,4.1,38.3,39,6,35.3,145,129,136,209,111,40,71,28,228,226,254,64,75,130,13,18,14,36,33,128,66,67,21,52,51,29,26,14,4,32,2016-17
400,201579,Roy Hibbert,Roy,1610612743,DEN,30.0,48,24,24,0.5,14.2,1.7,3.1,0.544,0.0,0.0,0.0,1.3,1.6,0.813,1.1,2.0,3.2,0.4,0.7,0.2,1.0,0.3,2.1,1.3,4.6,-0.5,11.8,1,0,10.5,316,275,281,214,345,348,392,51,401,451,401,192,214,143,129,292,224,425,327,436,44,308,143,227,345,240,313,168,24,334,2016-17
477,203115,Will Barton,Will,1610612743,DEN,26.0,60,31,29,0.517,28.4,4.9,11.1,0.443,1.5,3.9,0.37,2.4,3.2,0.753,1.0,3.4,4.3,3.4,1.6,0.8,0.5,0.8,1.8,2.3,13.7,-1.3,26.2,2,0,25.4,261,196,222,191,108,87,85,239,90,90,129,73,69,257,159,131,141,71,100,139,136,54,200,94,85,311,94,143,24,87,2016-17
481,201163,Wilson Chandler,Wilson,1610612743,DEN,30.0,71,35,36,0.493,30.9,6.1,13.2,0.461,1.5,4.6,0.337,2.0,2.7,0.727,1.5,5.0,6.5,2.0,1.6,0.7,0.4,0.5,2.4,2.2,15.7,-0.5,28.3,9,0,28.0,169,151,136,235,74,54,53,177,77,61,219,103,95,296,86,52,57,154,102,169,155,133,80,102,57,248,73,66,24,68,2016-17
37,1626253,Axel Toupane,Axel,1610612743,DEN,23.0,21,9,12,0.429,14.5,1.2,3.3,0.357,0.6,1.9,0.325,0.6,0.8,0.765,0.4,1.1,1.5,0.7,0.3,0.3,0.3,0.0,1.9,0.6,3.6,-0.8,8.0,0,0,7.7,409,394,380,299,334,395,371,432,213,203,229,337,355,214,324,406,403,346,437,352,227,448,202,391,376,268,380,233,25,378,2015-16
93,201571,D.J. Augustin,D.J.,1610612743,DEN,28.0,62,35,27,0.565,19.0,2.4,5.6,0.423,1.1,2.7,0.405,1.7,2.1,0.805,0.1,1.4,1.5,3.2,1.4,0.6,0.1,0.5,1.4,2.2,7.5,-0.5,14.8,2,0,14.7,235,157,240,160,255,267,250,295,123,150,45,137,157,151,445,371,396,76,154,223,405,141,334,127,217,240,255,148,25,246,2015-16
98,201568,Danilo Gallinari,Danilo,1610612743,DEN,27.0,53,22,31,0.415,34.7,5.4,13.2,0.41,1.6,4.5,0.364,7.1,8.2,0.868,1.0,4.3,5.3,2.5,1.5,0.8,0.4,0.9,1.6,6.3,19.5,-1.9,31.7,3,0,31.3,291,284,196,319,25,66,51,339,47,45,127,4,4,53,157,81,97,106,128,141,185,35,274,3,27,352,56,123,25,46,2015-16
101,201589,Darrell Arthur,Darrell,1610612743,DEN,28.0,70,26,44,0.371,21.7,3.2,7.0,0.452,0.6,1.7,0.385,0.6,0.8,0.755,1.2,3.0,4.2,1.4,0.9,0.8,0.7,0.3,2.6,0.7,7.5,-0.7,18.0,2,0,16.6,177,258,59,364,201,196,199,193,207,222,87,354,361,235,111,175,144,231,241,154,85,286,53,363,218,261,191,148,25,206,2015-16
139,1626144,Emmanuel Mudiay,Emmanuel,1610612743,DEN,20.0,68,29,39,0.426,30.4,4.8,13.3,0.364,1.1,3.4,0.319,2.1,3.1,0.67,0.5,2.9,3.4,5.5,3.2,1.0,0.5,1.2,2.1,2.3,12.8,-1.7,26.3,4,0,25.7,191,215,100,303,87,95,50,425,125,104,245,104,89,352,288,176,210,25,15,96,118,10,155,113,90,346,89,104,25,84,2015-16
144,203475,Erick Green,Erick,1610612743,DEN,25.0,9,6,3,0.667,4.7,0.6,1.4,0.385,0.1,0.6,0.2,0.2,0.2,1.0,0.3,0.3,0.7,0.3,0.0,0.1,0.0,0.0,0.4,0.2,1.4,-0.1,3.1,0,0,2.8,442,416,451,79,457,450,451,391,344,333,355,439,450,1,341,464,455,426,465,449,444,451,454,451,456,207,459,233,25,461,2015-16
151,203914,Gary Harris,Gary,1610612743,DEN,21.0,76,31,45,0.408,32.1,4.7,10.1,0.469,1.4,3.9,0.354,1.4,1.8,0.82,0.7,2.2,2.9,1.9,1.3,1.3,0.2,0.6,1.9,1.3,12.3,-2.8,21.9,0,0,21.5,109,198,55,328,61,99,108,149,75,78,159,174,193,129,208,266,255,155,165,45,266,103,209,236,105,399,140,233,25,133,2015-16
179,203960,JaKarr Sampson,JaKarr,1610612743,DEN,23.0,73,18,55,0.247,15.9,1.9,4.3,0.442,0.2,0.9,0.222,1.1,1.7,0.656,0.6,2.0,2.6,0.6,1.0,0.3,0.5,0.4,1.9,1.2,5.1,-3.2,10.5,0,0,10.1,144,316,19,416,304,324,317,226,313,302,347,226,203,365,234,297,284,364,234,367,146,176,193,267,319,410,343,233,25,341,2015-16
186,2749,Jameer Nelson,Jameer,1610612743,DEN,34.0,39,12,27,0.308,26.6,2.9,7.9,0.368,1.1,3.7,0.299,0.8,0.9,0.857,0.5,2.5,2.9,4.9,1.7,0.6,0.1,0.3,2.6,1.4,7.7,-3.4,19.1,0,0,18.1,345,369,240,397,141,215,164,417,121,91,282,302,339,64,283,225,249,31,94,207,362,300,67,222,213,416,174,233,25,175,2015-16
223,203530,Joffrey Lauvergne,Joffrey,1610612743,DEN,24.0,59,24,35,0.407,17.6,3.3,6.4,0.513,0.2,0.9,0.245,1.1,1.2,0.899,1.3,3.6,4.9,0.9,0.9,0.2,0.3,0.5,1.9,1.1,7.9,-3.7,15.7,5,0,14.9,260,271,147,330,280,179,217,83,306,298,332,232,285,28,97,118,114,302,249,414,251,130,190,279,206,425,234,95,25,242,2015-16
251,203994,Jusuf Nurkic,Jusuf,1610612743,DEN,21.0,32,14,18,0.438,17.1,3.2,7.6,0.417,0.0,0.1,0.0,1.9,3.1,0.616,2.0,3.4,5.5,1.3,1.7,0.8,1.4,0.8,2.8,2.9,8.2,-0.2,21.3,4,0,19.2,374,352,329,294,287,197,174,313,382,384,382,116,88,396,45,127,88,240,89,162,26,56,29,70,201,214,150,104,25,159,2015-16
261,202702,Kenneth Faried,Kenneth,1610612743,DEN,26.0,67,26,41,0.388,25.3,5.2,9.3,0.558,0.0,0.0,0.5,2.0,3.3,0.613,3.5,5.2,8.7,1.2,1.4,0.5,0.9,0.9,2.5,3.1,12.5,-1.6,27.4,21,0,25.1,200,258,75,352,158,78,125,39,376,410,7,106,76,400,2,52,23,249,153,281,54,42,69,60,102,339,81,32,25,91,2015-16
275,203123,Kostas Papanikolaou,Kostas,1610612743,DEN,25.0,26,8,18,0.308,11.3,0.9,2.5,0.364,0.4,1.2,0.313,0.3,0.5,0.643,0.3,1.2,1.5,0.6,0.8,0.5,0.2,0.3,0.9,0.7,2.6,-0.3,6.6,0,0,6.5,396,402,329,397,381,423,403,423,263,265,254,415,402,376,363,392,394,368,286,264,304,281,413,381,415,223,408,233,25,408,2015-16
328,2034,Mike Miller,Mike,1610612743,DEN,36.0,47,21,26,0.447,7.9,0.5,1.3,0.355,0.4,1.1,0.365,0.0,0.0,0.0,0.1,1.0,1.1,0.9,0.4,0.3,0.1,0.1,1.1,0.1,1.3,-1.9,4.7,0,0,4.4,317,293,249,284,423,457,458,435,257,277,124,462,463,462,446,416,429,318,425,387,388,442,381,462,457,353,438,233,25,438,2015-16
347,203999,Nikola Jokic,Nikola,1610612743,DEN,21.0,80,31,49,0.388,21.7,3.8,7.5,0.512,0.4,1.1,0.333,1.9,2.4,0.811,2.3,4.7,7.0,2.4,1.3,1.0,0.6,0.7,2.6,2.5,10.0,1.2,25.4,16,0,22.9,44,198,38,353,202,141,177,85,274,282,205,115,130,143,35,63,50,119,164,89,93,74,61,100,151,117,97,41,25,112,2015-16
469,203115,Will Barton,Will,1610612743,DEN,25.0,82,33,49,0.402,28.7,5.2,12.0,0.432,1.4,4.0,0.345,2.6,3.3,0.806,0.7,5.1,5.8,2.5,1.7,0.9,0.5,0.7,1.8,2.5,14.4,-1.6,27.4,6,0,26.7,1,170,38,335,107,79,70,261,78,73,177,71,78,149,204,55,78,111,93,121,136,76,237,97,69,334,83,86,25,78,2015-16
